Frame,BPM,BPM_filtre
0,6,
1,6,
2,6,
3,6,
4,6,
5,6,
6,6,
7,6,
8,6,
9,6,
10,6,
11,6,
12,6,
13,6,
14,6,
15,16,
16,16,
17,16,
18,16,
19,16,
20,16,
21,16,
22,16,
23,16,
24,16,
25,16,
26,16,
27,16,
28,16,
29,16,
30,24,
31,24,
32,24,
33,24,
34,24,
35,24,
36,24,
37,24,
38,24,
39,24,
40,24,
41,24,
42,24,
43,24,
44,24,
45,33,
46,33,
47,33,
48,33,
49,33,
50,33,
51,33,
52,33,
53,33,
54,33,
55,33,
56,33,
57,33,
58,33,
59,33,
60,40,
61,40,
62,40,
63,40,
64,40,
65,40,
66,40,
67,40,
68,40,
69,40,
70,40,
71,40,
72,40,
73,40,
74,40,
75,46,
76,46,
77,46,
78,46,
79,46,
80,46,
81,46,
82,46,
83,46,
84,46,
85,46,
86,46,
87,46,
88,46,
89,46,
90,56,
91,56,
92,56,
93,56,
94,56,
95,56,
96,56,
97,56,
98,56,
99,56,
100,56,
101,56,
102,56,
103,56,
104,56,
105,63,
106,63,
107,63,
108,63,
109,63,
110,63,
111,63,
112,63,
113,63,
114,63,
115,63,
116,63,
117,63,
118,63,
119,63,
120,70,
121,70,
122,70,
123,70,
124,70,
125,70,
126,70,
127,70,
128,70,
129,70,
130,70,
131,70,
132,70,
133,70,
134,70,
135,76,
136,76,
137,76,
138,76,
139,76,
140,76,
141,76,
142,76,
143,76,
144,76,
145,76,
146,76,
147,76,
148,76,
149,76,
150,77,
151,77,
152,77,
153,77,
154,77,
155,77,
156,77,
157,77,
158,77,
159,77,
160,77,
161,77,
162,77,
163,77,
164,77,
165,79,
166,79,
167,79,
168,79,
169,79,
170,79,
171,79,
172,79,
173,79,
174,79,
175,79,
176,79,
177,79,
178,79,
179,79,
180,79,
181,79,
182,79,
183,79,
184,79,
185,79,
186,79,
187,79,
188,79,
189,79,
190,79,
191,79,
192,79,
193,79,
194,79,
195,79,
196,79,
197,79,
198,79,
199,79,
200,79,
201,79,
202,79,
203,79,
204,79,
205,79,
206,79,
207,79,
208,79,
209,79,
210,81,
211,81,
212,81,
213,81,
214,81,
215,81,
216,81,
217,81,
218,81,
219,81,
220,81,
221,81,
222,81,
223,81,
224,81,
225,84,
226,84,
227,84,
228,84,
229,84,
230,84,
231,84,
232,84,
233,84,
234,84,
235,84,
236,84,
237,84,
238,84,
239,84,
240,83,
241,83,
242,83,
243,83,
244,83,
245,83,
246,83,
247,83,
248,83,
249,83,
250,83,
251,83,
252,83,
253,83,
254,83,
255,84,
256,84,
257,84,
258,84,
259,84,
260,84,
261,84,
262,84,
263,84,
264,84,
265,84,
266,84,
267,84,
268,84,
269,84,
270,84,
271,84,
272,84,
273,84,
274,84,
275,84,
276,84,
277,84,
278,84,
279,84,
280,84,
281,84,
282,84,
283,84,
284,84,
285,84,
286,84,
287,84,
288,84,
289,84,
290,84,
291,84,
292,84,
293,84,
294,84,
295,84,
296,84,
297,84,
298,84,
299,84,
300,83,
301,83,
302,83,
303,83,
304,83,
305,83,
306,83,
307,83,
308,83,
309,83,
310,83,
311,83,
312,83,
313,83,
314,83,
315,83,
316,83,
317,83,
318,83,
319,83,
320,83,
321,83,
322,83,
323,83,
324,83,
325,83,
326,83,
327,83,
328,83,
329,83,
330,86,
331,86,
332,86,
333,86,
334,86,
335,86,
336,86,
337,86,
338,86,
339,86,
340,86,
341,86,
342,86,
343,86,
344,86,
345,84,
346,84,
347,84,
348,84,
349,84,
350,84,
351,84,
352,84,
353,84,
354,84,
355,84,
356,84,
357,84,
358,84,
359,84,
360,87,
361,87,
362,87,
363,87,
364,87,
365,87,
366,87,
367,87,
368,87,
369,87,
370,87,
371,87,
372,87,
373,87,
374,87,
375,84,
376,84,
377,84,
378,84,
379,84,
380,84,
381,84,
382,84,
383,84,
384,84,
385,84,
386,84,
387,84,
388,84,
389,84,
390,88,
391,88,
392,88,
393,88,
394,88,
395,88,
396,88,
397,88,
398,88,
399,88,
400,88,
401,88,
402,88,
403,88,
404,88,
405,91,
406,91,
407,91,
408,91,
409,91,
410,91,
411,91,
412,91,
413,91,
414,91,
415,91,
416,91,
417,91,
418,91,
419,91,
420,96,
421,96,
422,96,
423,96,
424,96,
425,96,
426,96,
427,96,
428,96,
429,96,
430,96,
431,96,
432,96,
433,96,
434,96,
435,99,
436,99,
437,99,
438,99,
439,99,
440,99,
441,99,
442,99,
443,99,
444,99,
445,99,
446,99,
447,99,
448,99,
449,99,
450,101,
451,101,
452,101,
453,101,
454,101,
455,101,
456,101,
457,101,
458,101,
459,101,
460,101,
461,101,
462,101,
463,101,
464,101,
465,99,
466,99,
467,99,
468,99,
469,99,
470,99,
471,99,
472,99,
473,99,
474,99,
475,99,
476,99,
477,99,
478,99,
479,99,
480,97,
481,97,
482,97,
483,97,
484,97,
485,97,
486,97,
487,97,
488,97,
489,97,
490,97,
491,97,
492,97,
493,97,
494,97,
495,101,
496,101,
497,101,
498,101,
499,101,
500,101,
501,101,
502,101,
503,101,
504,101,
505,101,
506,101,
507,101,
508,101,
509,101,
510,100,
511,100,
512,100,
513,100,
514,100,
515,100,
516,100,
517,100,
518,100,
519,100,
520,100,
521,100,
522,100,
523,100,
524,100,
525,103,
526,103,
527,103,
528,103,
529,103,
530,103,
531,103,
532,103,
533,103,
534,103,
535,103,
536,103,
537,103,
538,103,
539,103,
540,100,
541,100,
542,100,
543,100,
544,100,
545,100,
546,100,
547,100,
548,100,
549,100,
550,100,
551,100,
552,100,
553,100,
554,100,
555,98,
556,98,
557,98,
558,98,
559,98,
560,98,
561,98,
562,98,
563,98,
564,98,
565,98,
566,98,
567,98,
568,98,
569,98,
570,96,
571,96,
572,96,
573,96,
574,96,
575,96,
576,96,
577,96,
578,96,
579,96,
580,96,
581,96,
582,96,
583,96,
584,96,
585,93,
586,93,
587,93,
588,93,
589,93,
590,93,
591,93,
592,93,
593,93,
594,93,
595,93,
596,93,
597,93,
598,93,
599,93,
600,91,
601,91,
602,91,
603,91,
604,91,
605,91,
606,91,
607,91,
608,91,
609,91,
610,91,
611,91,
612,91,
613,91,
614,91,
615,88,
616,88,
617,88,
618,88,
619,88,
620,88,
621,88,
622,88,
623,88,
624,88,
625,88,
626,88,
627,88,
628,88,
629,88,
630,88,
631,88,
632,88,
633,88,
634,88,
635,88,
636,88,
637,88,
638,88,
639,88,
640,88,
641,88,
642,88,
643,88,
644,88,
645,87,
646,87,
647,87,
648,87,
649,87,
650,87,
651,87,
652,87,
653,87,
654,87,
655,87,
656,87,
657,87,
658,87,
659,87,
660,86,
661,86,
662,86,
663,86,
664,86,
665,86,
666,86,
667,86,
668,86,
669,86,
670,86,
671,86,
672,86,
673,86,
674,86,
675,85,
676,85,
677,85,
678,85,
679,85,
680,85,
681,85,
682,85,
683,85,
684,85,
685,85,
686,85,
687,85,
688,85,
689,85,
690,82,
691,82,
692,82,
693,82,
694,82,
695,82,
696,82,
697,82,
698,82,
699,82,
700,82,
701,82,
702,82,
703,82,
704,82,
705,80,
706,80,
707,80,
708,80,
709,80,
710,80,
711,80,
712,80,
713,80,
714,80,
715,80,
716,80,
717,80,
718,80,
719,80,
720,77,
721,77,
722,77,
723,77,
724,77,
725,77,
726,77,
727,77,
728,77,
729,77,
730,77,
731,77,
732,77,
733,77,
734,77,
735,77,
736,77,
737,77,
738,77,
739,77,
740,77,
741,77,
742,77,
743,77,
744,77,
745,77,
746,77,
747,77,
748,77,
749,77,
750,77,
751,77,
752,77,
753,77,
754,77,
755,77,
756,77,
757,77,
758,77,
759,77,
760,77,
761,77,
762,77,
763,77,
764,77,
765,80,
766,80,
767,80,
768,80,
769,80,
770,80,
771,80,
772,80,
773,80,
774,80,
775,80,
776,80,
777,80,
778,80,
779,80,
780,79,
781,79,
782,79,
783,79,
784,79,
785,79,
786,79,
787,79,
788,79,
789,79,
790,79,
791,79,
792,79,
793,79,
794,79,
795,76,
796,76,
797,76,
798,76,
799,76,
800,76,
801,76,
802,76,
803,76,
804,76,
805,76,
806,76,
807,76,
808,76,
809,76,
810,72,
811,72,
812,72,
813,72,
814,72,
815,72,
816,72,
817,72,
818,72,
819,72,
820,72,
821,72,
822,72,
823,72,
824,72,
825,75,
826,75,
827,75,
828,75,
829,75,
830,75,
831,75,
832,75,
833,75,
834,75,
835,75,
836,75,
837,75,
838,75,
839,75,
840,80,
841,80,
842,80,
843,80,
844,80,
845,80,
846,80,
847,80,
848,80,
849,80,
850,80,
851,80,
852,80,
853,80,
854,80,
855,83,
856,83,
857,83,
858,83,
859,83,
860,83,
861,83,
862,83,
863,83,
864,83,
865,83,
866,83,
867,83,
868,83,
869,83,
870,84,
871,84,
872,84,
873,84,
874,84,
875,84,
876,84,
877,84,
878,84,
879,84,
880,84,
881,84,
882,84,
883,84,
884,84,
885,87,
886,87,
887,87,
888,87,
889,87,
890,87,
891,87,
892,87,
893,87,
894,87,
895,87,
896,87,
897,87,
898,87,
899,87,
900,90,
901,90,
902,90,
903,90,
904,90,
905,90,
906,90,
907,90,
908,90,
909,90,
910,90,
911,90,
912,90,
913,90,
914,90,
915,91,
916,91,
917,91,
918,91,
919,91,
920,91,
921,91,
922,91,
923,91,
924,91,
925,91,
926,91,
927,91,
928,91,
929,91,
930,92,
931,92,
932,92,
933,92,
934,92,
935,92,
936,92,
937,92,
938,92,
939,92,
940,92,
941,92,
942,92,
943,92,
944,92,
945,96,
946,96,
947,96,
948,96,
949,96,
950,96,
951,96,
952,96,
953,96,
954,96,
955,96,
956,96,
957,96,
958,96,
959,96,
960,100,
961,100,
962,100,
963,100,
964,100,
965,100,
966,100,
967,100,
968,100,
969,100,
970,100,
971,100,
972,100,
973,100,
974,100,
975,99,
976,99,
977,99,
978,99,
979,99,
980,99,
981,99,
982,99,
983,99,
984,99,
985,99,
986,99,
987,99,
988,99,
989,99,
990,98,
991,98,
992,98,
993,98,
994,98,
995,98,
996,98,
997,98,
998,98,
999,98,
1000,98,
1001,98,
1002,98,
1003,98,
1004,98,
1005,96,
1006,96,
1007,96,
1008,96,
1009,96,
1010,96,
1011,96,
1012,96,
1013,96,
1014,96,
1015,96,
1016,96,
1017,96,
1018,96,
1019,96,
1020,97,
1021,97,
1022,97,
1023,97,
1024,97,
1025,97,
1026,97,
1027,97,
1028,97,
1029,97,
1030,97,
1031,97,
1032,97,
1033,97,
1034,97,
1035,98,
1036,98,
1037,98,
1038,98,
1039,98,
1040,98,
1041,98,
1042,98,
1043,98,
1044,98,
1045,98,
1046,98,
1047,98,
1048,98,
1049,98,
1050,97,
1051,97,
1052,97,
1053,97,
1054,97,
1055,97,
1056,97,
1057,97,
1058,97,
1059,97,
1060,97,
1061,97,
1062,97,
1063,97,
1064,97,
1065,96,
1066,96,
1067,96,
1068,96,
1069,96,
1070,96,
1071,96,
1072,96,
1073,96,
1074,96,
1075,96,
1076,96,
1077,96,
1078,96,
1079,96,
1080,94,
1081,94,
1082,94,
1083,94,
1084,94,
1085,94,
1086,94,
1087,94,
1088,94,
1089,94,
1090,94,
1091,94,
1092,94,
1093,94,
1094,94,
1095,90,
1096,90,
1097,90,
1098,90,
1099,90,
1100,90,
1101,90,
1102,90,
1103,90,
1104,90,
1105,90,
1106,90,
1107,90,
1108,90,
1109,90,
1110,88,
1111,88,
1112,88,
1113,88,
1114,88,
1115,88,
1116,88,
1117,88,
1118,88,
1119,88,
1120,88,
1121,88,
1122,88,
1123,88,
1124,88,
1125,84,
1126,84,
1127,84,
1128,84,
1129,84,
1130,84,
1131,84,
1132,84,
1133,84,
1134,84,
1135,84,
1136,84,
1137,84,
1138,84,
1139,84,
1140,83,
1141,83,
1142,83,
1143,83,
1144,83,
1145,83,
1146,83,
1147,83,
1148,83,
1149,83,
1150,83,
1151,83,
1152,83,
1153,83,
1154,83,
1155,81,
1156,81,
1157,81,
1158,81,
1159,81,
1160,81,
1161,81,
1162,81,
1163,81,
1164,81,
1165,81,
1166,81,
1167,81,
1168,81,
1169,81,
1170,80,
1171,80,
1172,80,
1173,80,
1174,80,
1175,80,
1176,80,
1177,80,
1178,80,
1179,80,
1180,80,
1181,80,
1182,80,
1183,80,
1184,80,
1185,76,
1186,76,
1187,76,
1188,76,
1189,76,
1190,76,
1191,76,
1192,76,
1193,76,
1194,76,
1195,76,
1196,76,
1197,76,
1198,76,
1199,76,
1200,75,
1201,75,
1202,75,
1203,75,
1204,75,
1205,75,
1206,75,
1207,75,
1208,75,
1209,75,
1210,75,
1211,75,
1212,75,
1213,75,
1214,75,
1215,73,
1216,73,
1217,73,
1218,73,
1219,73,
1220,73,
1221,73,
1222,73,
1223,73,
1224,73,
1225,73,
1226,73,
1227,73,
1228,73,
1229,73,
1230,73,
1231,73,
1232,73,
1233,73,
1234,73,
1235,73,
1236,73,
1237,73,
1238,73,
1239,73,
1240,73,
1241,73,
1242,73,
1243,73,
1244,73,
1245,75,
1246,75,
1247,75,
1248,75,
1249,75,
1250,75,
1251,75,
1252,75,
1253,75,
1254,75,
1255,75,
1256,75,
1257,75,
1258,75,
1259,75,
1260,76,
1261,76,
1262,76,
1263,76,
1264,76,
1265,76,
1266,76,
1267,76,
1268,76,
1269,76,
1270,76,
1271,76,
1272,76,
1273,76,
1274,76,
1275,76,
1276,76,
1277,76,
1278,76,
1279,76,
1280,76,
1281,76,
1282,76,
1283,76,
1284,76,
1285,76,
1286,76,
1287,76,
1288,76,
1289,76,
1290,74,
1291,74,
1292,74,
1293,74,
1294,74,
1295,74,
1296,74,
1297,74,
1298,74,
1299,74,
1300,74,
1301,74,
1302,74,
1303,74,
1304,74,
1305,74,
1306,74,
1307,74,
1308,74,
1309,74,
1310,74,
1311,74,
1312,74,
1313,74,
1314,74,
1315,74,
1316,74,
1317,74,
1318,74,
1319,74,
1320,76,
1321,76,
1322,76,
1323,76,
1324,76,
1325,76,
1326,76,
1327,76,
1328,76,
1329,76,
1330,76,
1331,76,
1332,76,
1333,76,
1334,76,
1335,77,
1336,77,
1337,77,
1338,77,
1339,77,
1340,77,
1341,77,
1342,77,
1343,77,
1344,77,
1345,77,
1346,77,
1347,77,
1348,77,
1349,77,
1350,79,
1351,79,
1352,79,
1353,79,
1354,79,
1355,79,
1356,79,
1357,79,
1358,79,
1359,79,
1360,79,
1361,79,
1362,79,
1363,79,
1364,79,
1365,80,
1366,80,
1367,80,
1368,80,
1369,80,
1370,80,
1371,80,
1372,80,
1373,80,
1374,80,
1375,80,
1376,80,
1377,80,
1378,80,
1379,80,
1380,82,
1381,82,
1382,82,
1383,82,
1384,82,
1385,82,
1386,82,
1387,82,
1388,82,
1389,82,
1390,82,
1391,82,
1392,82,
1393,82,
1394,82,
1395,82,
1396,82,
1397,82,
1398,82,
1399,82,
1400,82,
1401,82,
1402,82,
1403,82,
1404,82,
1405,82,
1406,82,
1407,82,
1408,82,
1409,82,
1410,82,
1411,82,
1412,82,
1413,82,
1414,82,
1415,82,
1416,82,
1417,82,
1418,82,
1419,82,
1420,82,
1421,82,
1422,82,
1423,82,
1424,82,
1425,87,
1426,87,
1427,87,
1428,87,
1429,87,
1430,87,
1431,87,
1432,87,
1433,87,
1434,87,
1435,87,
1436,87,
1437,87,
1438,87,
1439,87,
1440,86,
1441,86,
1442,86,
1443,86,
1444,86,
1445,86,
1446,86,
1447,86,
1448,86,
1449,86,
1450,86,
1451,86,
1452,86,
1453,86,
1454,86,
1455,85,
1456,85,
1457,85,
1458,85,
1459,85,
1460,85,
1461,85,
1462,85,
1463,85,
1464,85,
1465,85,
1466,85,
1467,85,
1468,85,
1469,85,
1470,83,
1471,83,
1472,83,
1473,83,
1474,83,
1475,83,
1476,83,
1477,83,
1478,83,
1479,83,
1480,83,
1481,83,
1482,83,
1483,83,
1484,83,
1485,80,
1486,80,
1487,80,
1488,80,
1489,80,
1490,80,
1491,80,
1492,80,
1493,80,
1494,80,
1495,80,
1496,80,
1497,80,
1498,80,
1499,80,
1500,78,
1501,78,
1502,78,
1503,78,
1504,78,
1505,78,
1506,78,
1507,78,
1508,78,
1509,78,
1510,78,
1511,78,
1512,78,
1513,78,
1514,78,
1515,76,
1516,76,
1517,76,
1518,76,
1519,76,
1520,76,
1521,76,
1522,76,
1523,76,
1524,76,
1525,76,
1526,76,
1527,76,
1528,76,
1529,76,
1530,73,
1531,73,
1532,73,
1533,73,
1534,73,
1535,73,
1536,73,
1537,73,
1538,73,
1539,73,
1540,73,
1541,73,
1542,73,
1543,73,
1544,73,
1545,71,
1546,71,
1547,71,
1548,71,
1549,71,
1550,71,
1551,71,
1552,71,
1553,71,
1554,71,
1555,71,
1556,71,
1557,71,
1558,71,
1559,71,
1560,68,
1561,68,
1562,68,
1563,68,
1564,68,
1565,68,
1566,68,
1567,68,
1568,68,
1569,68,
1570,68,
1571,68,
1572,68,
1573,68,
1574,68,
1575,64,
1576,64,
1577,64,
1578,64,
1579,64,
1580,64,
1581,64,
1582,64,
1583,64,
1584,64,
1585,64,
1586,64,
1587,64,
1588,64,
1589,64,
1590,65,
1591,65,
1592,65,
1593,65,
1594,65,
1595,65,
1596,65,
1597,65,
1598,65,
1599,65,
1600,65,
1601,65,
1602,65,
1603,65,
1604,65,
1605,66,
1606,66,
1607,66,
1608,66,
1609,66,
1610,66,
1611,66,
1612,66,
1613,66,
1614,66,
1615,66,
1616,66,
1617,66,
1618,66,
1619,66,
1620,67,
1621,67,
1622,67,
1623,67,
1624,67,
1625,67,
1626,67,
1627,67,
1628,67,
1629,67,
1630,67,
1631,67,
1632,67,
1633,67,
1634,67,
1635,68,
1636,68,
1637,68,
1638,68,
1639,68,
1640,68,
1641,68,
1642,68,
1643,68,
1644,68,
1645,68,
1646,68,
1647,68,
1648,68,
1649,68,
1650,68,
1651,68,
1652,68,
1653,68,
1654,68,
1655,68,
1656,68,
1657,68,
1658,68,
1659,68,
1660,68,
1661,68,
1662,68,
1663,68,
1664,68,
1665,72,
1666,72,
1667,72,
1668,72,
1669,72,
1670,72,
1671,72,
1672,72,
1673,72,
1674,72,
1675,72,
1676,72,
1677,72,
1678,72,
1679,72,
1680,72,
1681,72,
1682,72,
1683,72,
1684,72,
1685,72,
1686,72,
1687,72,
1688,72,
1689,72,
1690,72,
1691,72,
1692,72,
1693,72,
1694,72,
1695,73,
1696,73,
1697,73,
1698,73,
1699,73,
1700,73,
1701,73,
1702,73,
1703,73,
1704,73,
1705,73,
1706,73,
1707,73,
1708,73,
1709,73,
1710,74,
1711,74,
1712,74,
1713,74,
1714,74,
1715,74,
1716,74,
1717,74,
1718,74,
1719,74,
1720,74,
1721,74,
1722,74,
1723,74,
1724,74,
1725,74,
1726,74,
1727,74,
1728,74,
1729,74,
1730,74,
1731,74,
1732,74,
1733,74,
1734,74,
1735,74,
1736,74,
1737,74,
1738,74,
1739,74,
1740,74,
1741,74,
1742,74,
1743,74,
1744,74,
1745,74,
1746,74,
1747,74,
1748,74,
1749,74,
1750,74,
1751,74,
1752,74,
1753,74,
1754,74,
1755,75,
1756,75,
1757,75,
1758,75,
1759,75,
1760,75,
1761,75,
1762,75,
1763,75,
1764,75,
1765,75,
1766,75,
1767,75,
1768,75,
1769,75,
1770,76,
1771,76,
1772,76,
1773,76,
1774,76,
1775,76,
1776,76,
1777,76,
1778,76,
1779,76,
1780,76,
1781,76,
1782,76,
1783,76,
1784,76,
1785,79,
1786,79,
1787,79,
1788,79,
1789,79,
1790,79,
1791,79,
1792,79,
1793,79,
1794,79,
1795,79,
1796,79,
1797,79,
1798,79,
1799,79,
1800,80,
1801,80,
1802,80,
1803,80,
1804,80,
1805,80,
1806,80,
1807,80,
1808,80,
1809,80,
1810,80,
1811,80,
1812,80,
1813,80,
1814,80,
1815,78,
1816,78,
1817,78,
1818,78,
1819,78,
1820,78,
1821,78,
1822,78,
1823,78,
1824,78,
1825,78,
1826,78,
1827,78,
1828,78,
1829,78,
1830,79,
1831,79,
1832,79,
1833,79,
1834,79,
1835,79,
1836,79,
1837,79,
1838,79,
1839,79,
1840,79,
1841,79,
1842,79,
1843,79,
1844,79,
1845,80,
1846,80,
1847,80,
1848,80,
1849,80,
1850,80,
1851,80,
1852,80,
1853,80,
1854,80,
1855,80,
1856,80,
1857,80,
1858,80,
1859,80,
1860,80,
1861,80,
1862,80,
1863,80,
1864,80,
1865,80,
1866,80,
1867,80,
1868,80,
1869,80,
1870,80,
1871,80,
1872,80,
1873,80,
1874,80,
1875,81,
1876,81,
1877,81,
1878,81,
1879,81,
1880,81,
1881,81,
1882,81,
1883,81,
1884,81,
1885,81,
1886,81,
1887,81,
1888,81,
1889,81,
1890,82,
1891,82,
1892,82,
1893,82,
1894,82,
1895,82,
1896,82,
1897,82,
1898,82,
1899,82,
1900,82,
1901,82,
1902,82,
1903,82,
1904,82,
1905,82,
1906,82,
1907,82,
1908,82,
1909,82,
1910,82,
1911,82,
1912,82,
1913,82,
1914,82,
1915,82,
1916,82,
1917,82,
1918,82,
1919,82,
1920,82,
1921,82,
1922,82,
1923,82,
1924,82,
1925,82,
1926,82,
1927,82,
1928,82,
1929,82,
1930,82,
1931,82,
1932,82,
1933,82,
1934,82,
1935,78,
1936,78,
1937,78,
1938,78,
1939,78,
1940,78,
1941,78,
1942,78,
1943,78,
1944,78,
1945,78,
1946,78,
1947,78,
1948,78,
1949,78,
1950,82,
1951,82,
1952,82,
1953,82,
1954,82,
1955,82,
1956,82,
1957,82,
1958,82,
1959,82,
1960,82,
1961,82,
1962,82,
1963,82,
1964,82,
1965,84,
1966,84,
1967,84,
1968,84,
1969,84,
1970,84,
1971,84,
1972,84,
1973,84,
1974,84,
1975,84,
1976,84,
1977,84,
1978,84,
1979,84,
1980,85,
1981,85,
1982,85,
1983,85,
1984,85,
1985,85,
1986,85,
1987,85,
1988,85,
1989,85,
1990,85,
1991,85,
1992,85,
1993,85,
1994,85,
1995,88,88.0
1996,88,88.0
1997,88,88.0
1998,88,88.0
1999,88,88.0
2000,88,88.0
2001,88,88.0
2002,88,88.0
2003,88,88.0
2004,88,88.0
2005,88,88.0
2006,88,88.0
2007,88,88.0
2008,88,88.0
2009,88,88.0
2010,88,88.0
2011,88,88.0
2012,88,88.0
2013,88,88.0
2014,88,88.0
2015,88,88.0
2016,88,88.0
2017,88,88.0
2018,88,88.0
2019,88,88.0
2020,88,88.0
2021,88,88.0
2022,88,88.0
2023,88,88.0
2024,88,88.0
2025,88,88.0
2026,88,88.0
2027,88,88.0
2028,88,88.0
2029,88,88.0
2030,88,88.0
2031,88,88.0
2032,88,88.0
2033,88,88.0
2034,88,88.0
2035,88,88.0
2036,88,88.0
2037,88,88.0
2038,88,88.0
2039,88,88.0
2040,88,88.0
2041,88,88.0
2042,88,88.0
2043,88,88.0
2044,88,88.0
2045,88,88.0
2046,88,88.0
2047,88,88.0
2048,88,88.0
2049,88,88.0
2050,88,88.0
2051,88,88.0
2052,88,88.0
2053,88,88.0
2054,88,88.0
2055,88,88.0
2056,88,88.0
2057,88,88.0
2058,88,88.0
2059,88,88.0
2060,88,88.0
2061,88,88.0
2062,88,88.0
2063,88,88.0
2064,88,88.0
2065,88,88.0
2066,88,88.0
2067,88,88.0
2068,88,88.0
2069,88,88.0
2070,88,88.0
2071,88,88.0
2072,88,88.0
2073,88,88.0
2074,88,88.0
2075,88,88.0
2076,88,88.0
2077,88,88.0
2078,88,88.0
2079,88,88.0
2080,88,88.0
2081,88,88.0
2082,88,88.0
2083,88,88.0
2084,88,88.0
2085,90,
2086,90,
2087,90,
2088,90,
2089,90,
2090,90,
2091,90,
2092,90,
2093,90,
2094,90,
2095,90,
2096,90,
2097,90,
2098,90,
2099,90,
2100,90,
2101,90,
2102,90,
2103,90,
2104,90,
2105,90,
2106,90,
2107,90,
2108,90,
2109,90,
2110,90,
2111,90,
2112,90,
2113,90,
2114,90,
2115,92,
2116,92,
2117,92,
2118,92,
2119,92,
2120,92,
2121,92,
2122,92,
2123,92,
2124,92,
2125,92,
2126,92,
2127,92,
2128,92,
2129,92,
2130,91,
2131,91,
2132,91,
2133,91,
2134,91,
2135,91,
2136,91,
2137,91,
2138,91,
2139,91,
2140,91,
2141,91,
2142,91,
2143,91,
2144,91,
2145,88,88.0
2146,88,88.0
2147,88,88.0
2148,88,88.0
2149,88,88.0
2150,88,88.0
2151,88,88.0
2152,88,88.0
2153,88,88.0
2154,88,88.0
2155,88,88.0
2156,88,88.0
2157,88,88.0
2158,88,88.0
2159,88,88.0
2160,88,88.0
2161,88,88.0
2162,88,88.0
2163,88,88.0
2164,88,88.0
2165,88,88.0
2166,88,88.0
2167,88,88.0
2168,88,88.0
2169,88,88.0
2170,88,88.0
2171,88,88.0
2172,88,88.0
2173,88,88.0
2174,88,88.0
2175,88,88.0
2176,88,88.0
2177,88,88.0
2178,88,88.0
2179,88,88.0
2180,88,88.0
2181,88,88.0
2182,88,88.0
2183,88,88.0
2184,88,88.0
2185,88,88.0
2186,88,88.0
2187,88,88.0
2188,88,88.0
2189,88,88.0
2190,88,88.0
2191,88,88.0
2192,88,88.0
2193,88,88.0
2194,88,88.0
2195,88,88.0
2196,88,88.0
2197,88,88.0
2198,88,88.0
2199,88,88.0
2200,88,88.0
2201,88,88.0
2202,88,88.0
2203,88,88.0
2204,88,88.0
2205,88,88.0
2206,88,88.0
2207,88,88.0
2208,88,88.0
2209,88,88.0
2210,88,88.0
2211,88,88.0
2212,88,88.0
2213,88,88.0
2214,88,88.0
2215,88,88.0
2216,88,88.0
2217,88,88.0
2218,88,88.0
2219,88,88.0
2220,88,88.0
2221,88,88.0
2222,88,88.0
2223,88,88.0
2224,88,88.0
2225,88,88.0
2226,88,88.0
2227,88,88.0
2228,88,88.0
2229,88,88.0
2230,88,88.0
2231,88,88.0
2232,88,88.0
2233,88,88.0
2234,88,88.0
2235,92,
2236,92,
2237,92,
2238,92,
2239,92,
2240,92,
2241,92,
2242,92,
2243,92,
2244,92,
2245,92,
2246,92,
2247,92,
2248,92,
2249,92,
2250,88,
2251,88,
2252,88,
2253,88,
2254,88,
2255,88,
2256,88,
2257,88,
2258,88,
2259,88,
2260,88,
2261,88,
2262,88,
2263,88,
2264,88,
2265,84,
2266,84,
2267,84,
2268,84,
2269,84,
2270,84,
2271,84,
2272,84,
2273,84,
2274,84,
2275,84,
2276,84,
2277,84,
2278,84,
2279,84,
2280,85,
2281,85,
2282,85,
2283,85,
2284,85,
2285,85,
2286,85,
2287,85,
2288,85,
2289,85,
2290,85,
2291,85,
2292,85,
2293,85,
2294,85,
2295,84,
2296,84,
2297,84,
2298,84,
2299,84,
2300,84,
2301,84,
2302,84,
2303,84,
2304,84,
2305,84,
2306,84,
2307,84,
2308,84,
2309,84,
2310,86,
2311,86,
2312,86,
2313,86,
2314,86,
2315,86,
2316,86,
2317,86,
2318,86,
2319,86,
2320,86,
2321,86,
2322,86,
2323,86,
2324,86,
2325,88,
2326,88,
2327,88,
2328,88,
2329,88,
2330,88,
2331,88,
2332,88,
2333,88,
2334,88,
2335,88,
2336,88,
2337,88,
2338,88,
2339,88,
2340,91,
2341,91,
2342,91,
2343,91,
2344,91,
2345,91,
2346,91,
2347,91,
2348,91,
2349,91,
2350,91,
2351,91,
2352,91,
2353,91,
2354,91,
2355,93,
2356,93,
2357,93,
2358,93,
2359,93,
2360,93,
2361,93,
2362,93,
2363,93,
2364,93,
2365,93,
2366,93,
2367,93,
2368,93,
2369,93,
2370,93,
2371,93,
2372,93,
2373,93,
2374,93,
2375,93,
2376,93,
2377,93,
2378,93,
2379,93,
2380,93,
2381,93,
2382,93,
2383,93,
2384,93,
2385,90,
2386,90,
2387,90,
2388,90,
2389,90,
2390,90,
2391,90,
2392,90,
2393,90,
2394,90,
2395,90,
2396,90,
2397,90,
2398,90,
2399,90,
2400,91,
2401,91,
2402,91,
2403,91,
2404,91,
2405,91,
2406,91,
2407,91,
2408,91,
2409,91,
2410,91,
2411,91,
2412,91,
2413,91,
2414,91,
2415,92,
2416,92,
2417,92,
2418,92,
2419,92,
2420,92,
2421,92,
2422,92,
2423,92,
2424,92,
2425,92,
2426,92,
2427,92,
2428,92,
2429,92,
2430,92,
2431,92,
2432,92,
2433,92,
2434,92,
2435,92,
2436,92,
2437,92,
2438,92,
2439,92,
2440,92,
2441,92,
2442,92,
2443,92,
2444,92,
2445,94,
2446,94,
2447,94,
2448,94,
2449,94,
2450,94,
2451,94,
2452,94,
2453,94,
2454,94,
2455,94,
2456,94,
2457,94,
2458,94,
2459,94,
2460,96,
2461,96,
2462,96,
2463,96,
2464,96,
2465,96,
2466,96,
2467,96,
2468,96,
2469,96,
2470,96,
2471,96,
2472,96,
2473,96,
2474,96,
2475,92,
2476,92,
2477,92,
2478,92,
2479,92,
2480,92,
2481,92,
2482,92,
2483,92,
2484,92,
2485,92,
2486,92,
2487,92,
2488,92,
2489,92,
2490,89,
2491,89,
2492,89,
2493,89,
2494,89,
2495,89,
2496,89,
2497,89,
2498,89,
2499,89,
2500,89,
2501,89,
2502,89,
2503,89,
2504,89,
2505,91,
2506,91,
2507,91,
2508,91,
2509,91,
2510,91,
2511,91,
2512,91,
2513,91,
2514,91,
2515,91,
2516,91,
2517,91,
2518,91,
2519,91,
2520,94,
2521,94,
2522,94,
2523,94,
2524,94,
2525,94,
2526,94,
2527,94,
2528,94,
2529,94,
2530,94,
2531,94,
2532,94,
2533,94,
2534,94,
2535,97,
2536,97,
2537,97,
2538,97,
2539,97,
2540,97,
2541,97,
2542,97,
2543,97,
2544,97,
2545,97,
2546,97,
2547,97,
2548,97,
2549,97,
2550,100,
2551,100,
2552,100,
2553,100,
2554,100,
2555,100,
2556,100,
2557,100,
2558,100,
2559,100,
2560,100,
2561,100,
2562,100,
2563,100,
2564,100,
2565,104,
2566,104,
2567,104,
2568,104,
2569,104,
2570,104,
2571,104,
2572,104,
2573,104,
2574,104,
2575,104,
2576,104,
2577,104,
2578,104,
2579,104,
2580,103,
2581,103,
2582,103,
2583,103,
2584,103,
2585,103,
2586,103,
2587,103,
2588,103,
2589,103,
2590,103,
2591,103,
2592,103,
2593,103,
2594,103,
2595,101,
2596,101,
2597,101,
2598,101,
2599,101,
2600,101,
2601,101,
2602,101,
2603,101,
2604,101,
2605,101,
2606,101,
2607,101,
2608,101,
2609,101,
2610,97,
2611,97,
2612,97,
2613,97,
2614,97,
2615,97,
2616,97,
2617,97,
2618,97,
2619,97,
2620,97,
2621,97,
2622,97,
2623,97,
2624,97,
2625,98,
2626,98,
2627,98,
2628,98,
2629,98,
2630,98,
2631,98,
2632,98,
2633,98,
2634,98,
2635,98,
2636,98,
2637,98,
2638,98,
2639,98,
2640,100,
2641,100,
2642,100,
2643,100,
2644,100,
2645,100,
2646,100,
2647,100,
2648,100,
2649,100,
2650,100,
2651,100,
2652,100,
2653,100,
2654,100,
2655,96,
2656,96,
2657,96,
2658,96,
2659,96,
2660,96,
2661,96,
2662,96,
2663,96,
2664,96,
2665,96,
2666,96,
2667,96,
2668,96,
2669,96,
2670,93,
2671,93,
2672,93,
2673,93,
2674,93,
2675,93,
2676,93,
2677,93,
2678,93,
2679,93,
2680,93,
2681,93,
2682,93,
2683,93,
2684,93,
2685,90,
2686,90,
2687,90,
2688,90,
2689,90,
2690,90,
2691,90,
2692,90,
2693,90,
2694,90,
2695,90,
2696,90,
2697,90,
2698,90,
2699,90,
2700,87,
2701,87,
2702,87,
2703,87,
2704,87,
2705,87,
2706,87,
2707,87,
2708,87,
2709,87,
2710,87,
2711,87,
2712,87,
2713,87,
2714,87,
2715,84,
2716,84,
2717,84,
2718,84,
2719,84,
2720,84,
2721,84,
2722,84,
2723,84,
2724,84,
2725,84,
2726,84,
2727,84,
2728,84,
2729,84,
2730,86,
2731,86,
2732,86,
2733,86,
2734,86,
2735,86,
2736,86,
2737,86,
2738,86,
2739,86,
2740,86,
2741,86,
2742,86,
2743,86,
2744,86,
2745,88,
2746,88,
2747,88,
2748,88,
2749,88,
2750,88,
2751,88,
2752,88,
2753,88,
2754,88,
2755,88,
2756,88,
2757,88,
2758,88,
2759,88,
2760,88,
2761,88,
2762,88,
2763,88,
2764,88,
2765,88,
2766,88,
2767,88,
2768,88,
2769,88,
2770,88,
2771,88,
2772,88,
2773,88,
2774,88,
2775,89,
2776,89,
2777,89,
2778,89,
2779,89,
2780,89,
2781,89,
2782,89,
2783,89,
2784,89,
2785,89,
2786,89,
2787,89,
2788,89,
2789,89,
2790,89,
2791,89,
2792,89,
2793,89,
2794,89,
2795,89,
2796,89,
2797,89,
2798,89,
2799,89,
2800,89,
2801,89,
2802,89,
2803,89,
2804,89,
2805,89,
2806,89,
2807,89,
2808,89,
2809,89,
2810,89,
2811,89,
2812,89,
2813,89,
2814,89,
2815,89,
2816,89,
2817,89,
2818,89,
2819,89,
2820,90,
2821,90,
2822,90,
2823,90,
2824,90,
2825,90,
2826,90,
2827,90,
2828,90,
2829,90,
2830,90,
2831,90,
2832,90,
2833,90,
2834,90,
2835,91,
2836,91,
2837,91,
2838,91,
2839,91,
2840,91,
2841,91,
2842,91,
2843,91,
2844,91,
2845,91,
2846,91,
2847,91,
2848,91,
2849,91,
2850,92,
2851,92,
2852,92,
2853,92,
2854,92,
2855,92,
2856,92,
2857,92,
2858,92,
2859,92,
2860,92,
2861,92,
2862,92,
2863,92,
2864,92,
2865,92,
2866,92,
2867,92,
2868,92,
2869,92,
2870,92,
2871,92,
2872,92,
2873,92,
2874,92,
2875,92,
2876,92,
2877,92,
2878,92,
2879,92,
2880,92,
2881,92,
2882,92,
2883,92,
2884,92,
2885,92,
2886,92,
2887,92,
2888,92,
2889,92,
2890,92,
2891,92,
2892,92,
2893,92,
2894,92,
2895,92,
2896,92,
2897,92,
2898,92,
2899,92,
2900,92,
2901,92,
2902,92,
2903,92,
2904,92,
2905,92,
2906,92,
2907,92,
2908,92,
2909,92,
2910,90,
2911,90,
2912,90,
2913,90,
2914,90,
2915,90,
2916,90,
2917,90,
2918,90,
2919,90,
2920,90,
2921,90,
2922,90,
2923,90,
2924,90,
2925,88,
2926,88,
2927,88,
2928,88,
2929,88,
2930,88,
2931,88,
2932,88,
2933,88,
2934,88,
2935,88,
2936,88,
2937,88,
2938,88,
2939,88,
2940,88,
2941,88,
2942,88,
2943,88,
2944,88,
2945,88,
2946,88,
2947,88,
2948,88,
2949,88,
2950,88,
2951,88,
2952,88,
2953,88,
2954,88,
2955,86,
2956,86,
2957,86,
2958,86,
2959,86,
2960,86,
2961,86,
2962,86,
2963,86,
2964,86,
2965,86,
2966,86,
2967,86,
2968,86,
2969,86,
2970,83,
2971,83,
2972,83,
2973,83,
2974,83,
2975,83,
2976,83,
2977,83,
2978,83,
2979,83,
2980,83,
2981,83,
2982,83,
2983,83,
2984,83,
2985,84,
2986,84,
2987,84,
2988,84,
2989,84,
2990,84,
2991,84,
2992,84,
2993,84,
2994,84,
2995,84,
2996,84,
2997,84,
2998,84,
2999,84,
3000,86,
3001,86,
3002,86,
3003,86,
3004,86,
3005,86,
3006,86,
3007,86,
3008,86,
3009,86,
3010,86,
3011,86,
3012,86,
3013,86,
3014,86,
3015,88,
3016,88,
3017,88,
3018,88,
3019,88,
3020,88,
3021,88,
3022,88,
3023,88,
3024,88,
3025,88,
3026,88,
3027,88,
3028,88,
3029,88,
3030,91,
3031,91,
3032,91,
3033,91,
3034,91,
3035,91,
3036,91,
3037,91,
3038,91,
3039,91,
3040,91,
3041,91,
3042,91,
3043,91,
3044,91,
3045,92,
3046,92,
3047,92,
3048,92,
3049,92,
3050,92,
3051,92,
3052,92,
3053,92,
3054,92,
3055,92,
3056,92,
3057,92,
3058,92,
3059,92,
3060,96,
3061,96,
3062,96,
3063,96,
3064,96,
3065,96,
3066,96,
3067,96,
3068,96,
3069,96,
3070,96,
3071,96,
3072,96,
3073,96,
3074,96,
3075,100,
3076,100,
3077,100,
3078,100,
3079,100,
3080,100,
3081,100,
3082,100,
3083,100,
3084,100,
3085,100,
3086,100,
3087,100,
3088,100,
3089,100,
3090,101,
3091,101,
3092,101,
3093,101,
3094,101,
3095,101,
3096,101,
3097,101,
3098,101,
3099,101,
3100,101,
3101,101,
3102,101,
3103,101,
3104,101,
3105,105,
3106,105,
3107,105,
3108,105,
3109,105,
3110,105,
3111,105,
3112,105,
3113,105,
3114,105,
3115,105,
3116,105,
3117,105,
3118,105,
3119,105,
3120,109,
3121,109,
3122,109,
3123,109,
3124,109,
3125,109,
3126,109,
3127,109,
3128,109,
3129,109,
3130,109,
3131,109,
3132,109,
3133,109,
3134,109,
3135,107,
3136,107,
3137,107,
3138,107,
3139,107,
3140,107,
3141,107,
3142,107,
3143,107,
3144,107,
3145,107,
3146,107,
3147,107,
3148,107,
3149,107,
3150,103,
3151,103,
3152,103,
3153,103,
3154,103,
3155,103,
3156,103,
3157,103,
3158,103,
3159,103,
3160,103,
3161,103,
3162,103,
3163,103,
3164,103,
3165,99,
3166,99,
3167,99,
3168,99,
3169,99,
3170,99,
3171,99,
3172,99,
3173,99,
3174,99,
3175,99,
3176,99,
3177,99,
3178,99,
3179,99,
3180,95,
3181,95,
3182,95,
3183,95,
3184,95,
3185,95,
3186,95,
3187,95,
3188,95,
3189,95,
3190,95,
3191,95,
3192,95,
3193,95,
3194,95,
3195,96,
3196,96,
3197,96,
3198,96,
3199,96,
3200,96,
3201,96,
3202,96,
3203,96,
3204,96,
3205,96,
3206,96,
3207,96,
3208,96,
3209,96,
3210,97,
3211,97,
3212,97,
3213,97,
3214,97,
3215,97,
3216,97,
3217,97,
3218,97,
3219,97,
3220,97,
3221,97,
3222,97,
3223,97,
3224,97,
3225,99,
3226,99,
3227,99,
3228,99,
3229,99,
3230,99,
3231,99,
3232,99,
3233,99,
3234,99,
3235,99,
3236,99,
3237,99,
3238,99,
3239,99,
3240,98,
3241,98,
3242,98,
3243,98,
3244,98,
3245,98,
3246,98,
3247,98,
3248,98,
3249,98,
3250,98,
3251,98,
3252,98,
3253,98,
3254,98,
3255,95,
3256,95,
3257,95,
3258,95,
3259,95,
3260,95,
3261,95,
3262,95,
3263,95,
3264,95,
3265,95,
3266,95,
3267,95,
3268,95,
3269,95,
3270,96,
3271,96,
3272,96,
3273,96,
3274,96,
3275,96,
3276,96,
3277,96,
3278,96,
3279,96,
3280,96,
3281,96,
3282,96,
3283,96,
3284,96,
3285,100,
3286,100,
3287,100,
3288,100,
3289,100,
3290,100,
3291,100,
3292,100,
3293,100,
3294,100,
3295,100,
3296,100,
3297,100,
3298,100,
3299,100,
3300,104,
3301,104,
3302,104,
3303,104,
3304,104,
3305,104,
3306,104,
3307,104,
3308,104,
3309,104,
3310,104,
3311,104,
3312,104,
3313,104,
3314,104,
3315,108,
3316,108,
3317,108,
3318,108,
3319,108,
3320,108,
3321,108,
3322,108,
3323,108,
3324,108,
3325,108,
3326,108,
3327,108,
3328,108,
3329,108,
3330,112,
3331,112,
3332,112,
3333,112,
3334,112,
3335,112,
3336,112,
3337,112,
3338,112,
3339,112,
3340,112,
3341,112,
3342,112,
3343,112,
3344,112,
3345,112,
3346,112,
3347,112,
3348,112,
3349,112,
3350,112,
3351,112,
3352,112,
3353,112,
3354,112,
3355,112,
3356,112,
3357,112,
3358,112,
3359,112,
3360,112,
3361,112,
3362,112,
3363,112,
3364,112,
3365,112,
3366,112,
3367,112,
3368,112,
3369,112,
3370,112,
3371,112,
3372,112,
3373,112,
3374,112,
3375,112,
3376,112,
3377,112,
3378,112,
3379,112,
3380,112,
3381,112,
3382,112,
3383,112,
3384,112,
3385,112,
3386,112,
3387,112,
3388,112,
3389,112,
3390,114,
3391,114,
3392,114,
3393,114,
3394,114,
3395,114,
3396,114,
3397,114,
3398,114,
3399,114,
3400,114,
3401,114,
3402,114,
3403,114,
3404,114,
3405,113,
3406,113,
3407,113,
3408,113,
3409,113,
3410,113,
3411,113,
3412,113,
3413,113,
3414,113,
3415,113,
3416,113,
3417,113,
3418,113,
3419,113,
3420,113,
3421,113,
3422,113,
3423,113,
3424,113,
3425,113,
3426,113,
3427,113,
3428,113,
3429,113,
3430,113,
3431,113,
3432,113,
3433,113,
3434,113,
3435,112,
3436,112,
3437,112,
3438,112,
3439,112,
3440,112,
3441,112,
3442,112,
3443,112,
3444,112,
3445,112,
3446,112,
3447,112,
3448,112,
3449,112,
3450,107,
3451,107,
3452,107,
3453,107,
3454,107,
3455,107,
3456,107,
3457,107,
3458,107,
3459,107,
3460,107,
3461,107,
3462,107,
3463,107,
3464,107,
3465,104,
3466,104,
3467,104,
3468,104,
3469,104,
3470,104,
3471,104,
3472,104,
3473,104,
3474,104,
3475,104,
3476,104,
3477,104,
3478,104,
3479,104,
3480,103,
3481,103,
3482,103,
3483,103,
3484,103,
3485,103,
3486,103,
3487,103,
3488,103,
3489,103,
3490,103,
3491,103,
3492,103,
3493,103,
3494,103,
3495,101,
3496,101,
3497,101,
3498,101,
3499,101,
3500,101,
3501,101,
3502,101,
3503,101,
3504,101,
3505,101,
3506,101,
3507,101,
3508,101,
3509,101,
3510,99,
3511,99,
3512,99,
3513,99,
3514,99,
3515,99,
3516,99,
3517,99,
3518,99,
3519,99,
3520,99,
3521,99,
3522,99,
3523,99,
3524,99,
3525,97,
3526,97,
3527,97,
3528,97,
3529,97,
3530,97,
3531,97,
3532,97,
3533,97,
3534,97,
3535,97,
3536,97,
3537,97,
3538,97,
3539,97,
3540,94,
3541,94,
3542,94,
3543,94,
3544,94,
3545,94,
3546,94,
3547,94,
3548,94,
3549,94,
3550,94,
3551,94,
3552,94,
3553,94,
3554,94,
3555,98,
3556,98,
3557,98,
3558,98,
3559,98,
3560,98,
3561,98,
3562,98,
3563,98,
3564,98,
3565,98,
3566,98,
3567,98,
3568,98,
3569,98,
3570,93,
3571,93,
3572,93,
3573,93,
3574,93,
3575,93,
3576,93,
3577,93,
3578,93,
3579,93,
3580,93,
3581,93,
3582,93,
3583,93,
3584,93,
3585,89,
3586,89,
3587,89,
3588,89,
3589,89,
3590,89,
3591,89,
3592,89,
3593,89,
3594,89,
3595,89,
3596,89,
3597,89,
3598,89,
3599,89,
3600,90,
3601,90,
3602,90,
3603,90,
3604,90,
3605,90,
3606,90,
3607,90,
3608,90,
3609,90,
3610,90,
3611,90,
3612,90,
3613,90,
3614,90,
3615,88,
3616,88,
3617,88,
3618,88,
3619,88,
3620,88,
3621,88,
3622,88,
3623,88,
3624,88,
3625,88,
3626,88,
3627,88,
3628,88,
3629,88,
3630,84,
3631,84,
3632,84,
3633,84,
3634,84,
3635,84,
3636,84,
3637,84,
3638,84,
3639,84,
3640,84,
3641,84,
3642,84,
3643,84,
3644,84,
3645,84,
3646,84,
3647,84,
3648,84,
3649,84,
3650,84,
3651,84,
3652,84,
3653,84,
3654,84,
3655,84,
3656,84,
3657,84,
3658,84,
3659,84,
3660,81,
3661,81,
3662,81,
3663,81,
3664,81,
3665,81,
3666,81,
3667,81,
3668,81,
3669,81,
3670,81,
3671,81,
3672,81,
3673,81,
3674,81,
3675,82,
3676,82,
3677,82,
3678,82,
3679,82,
3680,82,
3681,82,
3682,82,
3683,82,
3684,82,
3685,82,
3686,82,
3687,82,
3688,82,
3689,82,
3690,84,
3691,84,
3692,84,
3693,84,
3694,84,
3695,84,
3696,84,
3697,84,
3698,84,
3699,84,
3700,84,
3701,84,
3702,84,
3703,84,
3704,84,
3705,85,
3706,85,
3707,85,
3708,85,
3709,85,
3710,85,
3711,85,
3712,85,
3713,85,
3714,85,
3715,85,
3716,85,
3717,85,
3718,85,
3719,85,
3720,89,
3721,89,
3722,89,
3723,89,
3724,89,
3725,89,
3726,89,
3727,89,
3728,89,
3729,89,
3730,89,
3731,89,
3732,89,
3733,89,
3734,89,
3735,90,
3736,90,
3737,90,
3738,90,
3739,90,
3740,90,
3741,90,
3742,90,
3743,90,
3744,90,
3745,90,
3746,90,
3747,90,
3748,90,
3749,90,
3750,91,
3751,91,
3752,91,
3753,91,
3754,91,
3755,91,
3756,91,
3757,91,
3758,91,
3759,91,
3760,91,
3761,91,
3762,91,
3763,91,
3764,91,
3765,95,
3766,95,
3767,95,
3768,95,
3769,95,
3770,95,
3771,95,
3772,95,
3773,95,
3774,95,
3775,95,
3776,95,
3777,95,
3778,95,
3779,95,
3780,96,
3781,96,
3782,96,
3783,96,
3784,96,
3785,96,
3786,96,
3787,96,
3788,96,
3789,96,
3790,96,
3791,96,
3792,96,
3793,96,
3794,96,
3795,94,
3796,94,
3797,94,
3798,94,
3799,94,
3800,94,
3801,94,
3802,94,
3803,94,
3804,94,
3805,94,
3806,94,
3807,94,
3808,94,
3809,94,
3810,95,
3811,95,
3812,95,
3813,95,
3814,95,
3815,95,
3816,95,
3817,95,
3818,95,
3819,95,
3820,95,
3821,95,
3822,95,
3823,95,
3824,95,
3825,91,
3826,91,
3827,91,
3828,91,
3829,91,
3830,91,
3831,91,
3832,91,
3833,91,
3834,91,
3835,91,
3836,91,
3837,91,
3838,91,
3839,91,
3840,88,
3841,88,
3842,88,
3843,88,
3844,88,
3845,88,
3846,88,
3847,88,
3848,88,
3849,88,
3850,88,
3851,88,
3852,88,
3853,88,
3854,88,
3855,83,
3856,83,
3857,83,
3858,83,
3859,83,
3860,83,
3861,83,
3862,83,
3863,83,
3864,83,
3865,83,
3866,83,
3867,83,
3868,83,
3869,83,
3870,81,
3871,81,
3872,81,
3873,81,
3874,81,
3875,81,
3876,81,
3877,81,
3878,81,
3879,81,
3880,81,
3881,81,
3882,81,
3883,81,
3884,81,
3885,84,
3886,84,
3887,84,
3888,84,
3889,84,
3890,84,
3891,84,
3892,84,
3893,84,
3894,84,
3895,84,
3896,84,
3897,84,
3898,84,
3899,84,
3900,83,
3901,83,
3902,83,
3903,83,
3904,83,
3905,83,
3906,83,
3907,83,
3908,83,
3909,83,
3910,83,
3911,83,
3912,83,
3913,83,
3914,83,
3915,79,
3916,79,
3917,79,
3918,79,
3919,79,
3920,79,
3921,79,
3922,79,
3923,79,
3924,79,
3925,79,
3926,79,
3927,79,
3928,79,
3929,79,
3930,78,
3931,78,
3932,78,
3933,78,
3934,78,
3935,78,
3936,78,
3937,78,
3938,78,
3939,78,
3940,78,
3941,78,
3942,78,
3943,78,
3944,78,
3945,78,
3946,78,
3947,78,
3948,78,
3949,78,
3950,78,
3951,78,
3952,78,
3953,78,
3954,78,
3955,78,
3956,78,
3957,78,
3958,78,
3959,78,
3960,77,
3961,77,
3962,77,
3963,77,
3964,77,
3965,77,
3966,77,
3967,77,
3968,77,
3969,77,
3970,77,
3971,77,
3972,77,
3973,77,
3974,77,
3975,77,
3976,77,
3977,77,
3978,77,
3979,77,
3980,77,
3981,77,
3982,77,
3983,77,
3984,77,
3985,77,
3986,77,
3987,77,
3988,77,
3989,77,
3990,76,
3991,76,
3992,76,
3993,76,
3994,76,
3995,76,
3996,76,
3997,76,
3998,76,
3999,76,
4000,76,
4001,76,
4002,76,
4003,76,
4004,76,
4005,77,
4006,77,
4007,77,
4008,77,
4009,77,
4010,77,
4011,77,
4012,77,
4013,77,
4014,77,
4015,77,
4016,77,
4017,77,
4018,77,
4019,77,
4020,75,
4021,75,
4022,75,
4023,75,
4024,75,
4025,75,
4026,75,
4027,75,
4028,75,
4029,75,
4030,75,
4031,75,
4032,75,
4033,75,
4034,75,
4035,71,
4036,71,
4037,71,
4038,71,
4039,71,
4040,71,
4041,71,
4042,71,
4043,71,
4044,71,
4045,71,
4046,71,
4047,71,
4048,71,
4049,71,
4050,76,
4051,76,
4052,76,
4053,76,
4054,76,
4055,76,
4056,76,
4057,76,
4058,76,
4059,76,
4060,76,
4061,76,
4062,76,
4063,76,
4064,76,
4065,80,
4066,80,
4067,80,
4068,80,
4069,80,
4070,80,
4071,80,
4072,80,
4073,80,
4074,80,
4075,80,
4076,80,
4077,80,
4078,80,
4079,80,
4080,85,
4081,85,
4082,85,
4083,85,
4084,85,
4085,85,
4086,85,
4087,85,
4088,85,
4089,85,
4090,85,
4091,85,
4092,85,
4093,85,
4094,85,
4095,90,
4096,90,
4097,90,
4098,90,
4099,90,
4100,90,
4101,90,
4102,90,
4103,90,
4104,90,
4105,90,
4106,90,
4107,90,
4108,90,
4109,90,
4110,95,
4111,95,
4112,95,
4113,95,
4114,95,
4115,95,
4116,95,
4117,95,
4118,95,
4119,95,
4120,95,
4121,95,
4122,95,
4123,95,
4124,95,
4125,100,
4126,100,
4127,100,
4128,100,
4129,100,
4130,100,
4131,100,
4132,100,
4133,100,
4134,100,
4135,100,
4136,100,
4137,100,
4138,100,
4139,100,
4140,104,
4141,104,
4142,104,
4143,104,
4144,104,
4145,104,
4146,104,
4147,104,
4148,104,
4149,104,
4150,104,
4151,104,
4152,104,
4153,104,
4154,104,
4155,108,
4156,108,
4157,108,
4158,108,
4159,108,
4160,108,
4161,108,
4162,108,
4163,108,
4164,108,
4165,108,
4166,108,
4167,108,
4168,108,
4169,108,
4170,112,
4171,112,
4172,112,
4173,112,
4174,112,
4175,112,
4176,112,
4177,112,
4178,112,
4179,112,
4180,112,
4181,112,
4182,112,
4183,112,
4184,112,
4185,116,
4186,116,
4187,116,
4188,116,
4189,116,
4190,116,
4191,116,
4192,116,
4193,116,
4194,116,
4195,116,
4196,116,
4197,116,
4198,116,
4199,116,
4200,116,
4201,116,
4202,116,
4203,116,
4204,116,
4205,116,
4206,116,
4207,116,
4208,116,
4209,116,
4210,116,
4211,116,
4212,116,
4213,116,
4214,116,
4215,115,
4216,115,
4217,115,
4218,115,
4219,115,
4220,115,
4221,115,
4222,115,
4223,115,
4224,115,
4225,115,
4226,115,
4227,115,
4228,115,
4229,115,
4230,113,
4231,113,
4232,113,
4233,113,
4234,113,
4235,113,
4236,113,
4237,113,
4238,113,
4239,113,
4240,113,
4241,113,
4242,113,
4243,113,
4244,113,
4245,110,
4246,110,
4247,110,
4248,110,
4249,110,
4250,110,
4251,110,
4252,110,
4253,110,
4254,110,
4255,110,
4256,110,
4257,110,
4258,110,
4259,110,
4260,107,
4261,107,
4262,107,
4263,107,
4264,107,
4265,107,
4266,107,
4267,107,
4268,107,
4269,107,
4270,107,
4271,107,
4272,107,
4273,107,
4274,107,
4275,106,
4276,106,
4277,106,
4278,106,
4279,106,
4280,106,
4281,106,
4282,106,
4283,106,
4284,106,
4285,106,
4286,106,
4287,106,
4288,106,
4289,106,
4290,105,
4291,105,
4292,105,
4293,105,
4294,105,
4295,105,
4296,105,
4297,105,
4298,105,
4299,105,
4300,105,
4301,105,
4302,105,
4303,105,
4304,105,
4305,104,
4306,104,
4307,104,
4308,104,
4309,104,
4310,104,
4311,104,
4312,104,
4313,104,
4314,104,
4315,104,
4316,104,
4317,104,
4318,104,
4319,104,
4320,103,
4321,103,
4322,103,
4323,103,
4324,103,
4325,103,
4326,103,
4327,103,
4328,103,
4329,103,
4330,103,
4331,103,
4332,103,
4333,103,
4334,103,
4335,101,
4336,101,
4337,101,
4338,101,
4339,101,
4340,101,
4341,101,
4342,101,
4343,101,
4344,101,
4345,101,
4346,101,
4347,101,
4348,101,
4349,101,
4350,100,
4351,100,
4352,100,
4353,100,
4354,100,
4355,100,
4356,100,
4357,100,
4358,100,
4359,100,
4360,100,
4361,100,
4362,100,
4363,100,
4364,100,
4365,98,
4366,98,
4367,98,
4368,98,
4369,98,
4370,98,
4371,98,
4372,98,
4373,98,
4374,98,
4375,98,
4376,98,
4377,98,
4378,98,
4379,98,
4380,96,
4381,96,
4382,96,
4383,96,
4384,96,
4385,96,
4386,96,
4387,96,
4388,96,
4389,96,
4390,96,
4391,96,
4392,96,
4393,96,
4394,96,
4395,96,
4396,96,
4397,96,
4398,96,
4399,96,
4400,96,
4401,96,
4402,96,
4403,96,
4404,96,
4405,96,
4406,96,
4407,96,
4408,96,
4409,96,
4410,95,
4411,95,
4412,95,
4413,95,
4414,95,
4415,95,
4416,95,
4417,95,
4418,95,
4419,95,
4420,95,
4421,95,
4422,95,
4423,95,
4424,95,
4425,92,
4426,92,
4427,92,
4428,92,
4429,92,
4430,92,
4431,92,
4432,92,
4433,92,
4434,92,
4435,92,
4436,92,
4437,92,
4438,92,
4439,92,
4440,87,
4441,87,
4442,87,
4443,87,
4444,87,
4445,87,
4446,87,
4447,87,
4448,87,
4449,87,
4450,87,
4451,87,
4452,87,
4453,87,
4454,87,
4455,84,
4456,84,
4457,84,
4458,84,
4459,84,
4460,84,
4461,84,
4462,84,
4463,84,
4464,84,
4465,84,
4466,84,
4467,84,
4468,84,
4469,84,
4470,80,
4471,80,
4472,80,
4473,80,
4474,80,
4475,80,
4476,80,
4477,80,
4478,80,
4479,80,
4480,80,
4481,80,
4482,80,
4483,80,
4484,80,
4485,82,
4486,82,
4487,82,
4488,82,
4489,82,
4490,82,
4491,82,
4492,82,
4493,82,
4494,82,
4495,82,
4496,82,
4497,82,
4498,82,
4499,82,
4500,84,
4501,84,
4502,84,
4503,84,
4504,84,
4505,84,
4506,84,
4507,84,
4508,84,
4509,84,
4510,84,
4511,84,
4512,84,
4513,84,
4514,84,
4515,80,
4516,80,
4517,80,
4518,80,
4519,80,
4520,80,
4521,80,
4522,80,
4523,80,
4524,80,
4525,80,
4526,80,
4527,80,
4528,80,
4529,80,
4530,80,
4531,80,
4532,80,
4533,80,
4534,80,
4535,80,
4536,80,
4537,80,
4538,80,
4539,80,
4540,80,
4541,80,
4542,80,
4543,80,
4544,80,
4545,79,
4546,79,
4547,79,
4548,79,
4549,79,
4550,79,
4551,79,
4552,79,
4553,79,
4554,79,
4555,79,
4556,79,
4557,79,
4558,79,
4559,79,
4560,77,
4561,77,
4562,77,
4563,77,
4564,77,
4565,77,
4566,77,
4567,77,
4568,77,
4569,77,
4570,77,
4571,77,
4572,77,
4573,77,
4574,77,
4575,76,
4576,76,
4577,76,
4578,76,
4579,76,
4580,76,
4581,76,
4582,76,
4583,76,
4584,76,
4585,76,
4586,76,
4587,76,
4588,76,
4589,76,
4590,79,
4591,79,
4592,79,
4593,79,
4594,79,
4595,79,
4596,79,
4597,79,
4598,79,
4599,79,
4600,79,
4601,79,
4602,79,
4603,79,
4604,79,
4605,79,
4606,79,
4607,79,
4608,79,
4609,79,
4610,79,
4611,79,
4612,79,
4613,79,
4614,79,
4615,79,
4616,79,
4617,79,
4618,79,
4619,79,
4620,79,
4621,79,
4622,79,
4623,79,
4624,79,
4625,79,
4626,79,
4627,79,
4628,79,
4629,79,
4630,79,
4631,79,
4632,79,
4633,79,
4634,79,
4635,74,
4636,74,
4637,74,
4638,74,
4639,74,
4640,74,
4641,74,
4642,74,
4643,74,
4644,74,
4645,74,
4646,74,
4647,74,
4648,74,
4649,74,
4650,69,
4651,69,
4652,69,
4653,69,
4654,69,
4655,69,
4656,69,
4657,69,
4658,69,
4659,69,
4660,69,
4661,69,
4662,69,
4663,69,
4664,69,
4665,72,
4666,72,
4667,72,
4668,72,
4669,72,
4670,72,
4671,72,
4672,72,
4673,72,
4674,72,
4675,72,
4676,72,
4677,72,
4678,72,
4679,72,
4680,69,
4681,69,
4682,69,
4683,69,
4684,69,
4685,69,
4686,69,
4687,69,
4688,69,
4689,69,
4690,69,
4691,69,
4692,69,
4693,69,
4694,69,
4695,69,
4696,69,
4697,69,
4698,69,
4699,69,
4700,69,
4701,69,
4702,69,
4703,69,
4704,69,
4705,69,
4706,69,
4707,69,
4708,69,
4709,69,
4710,69,
4711,69,
4712,69,
4713,69,
4714,69,
4715,69,
4716,69,
4717,69,
4718,69,
4719,69,
4720,69,
4721,69,
4722,69,
4723,69,
4724,69,
4725,69,
4726,69,
4727,69,
4728,69,
4729,69,
4730,69,
4731,69,
4732,69,
4733,69,
4734,69,
4735,69,
4736,69,
4737,69,
4738,69,
4739,69,
4740,66,
4741,66,
4742,66,
4743,66,
4744,66,
4745,66,
4746,66,
4747,66,
4748,66,
4749,66,
4750,66,
4751,66,
4752,66,
4753,66,
4754,66,
4755,72,
4756,72,
4757,72,
4758,72,
4759,72,
4760,72,
4761,72,
4762,72,
4763,72,
4764,72,
4765,72,
4766,72,
4767,72,
4768,72,
4769,72,
4770,77,
4771,77,
4772,77,
4773,77,
4774,77,
4775,77,
4776,77,
4777,77,
4778,77,
4779,77,
4780,77,
4781,77,
4782,77,
4783,77,
4784,77,
4785,82,
4786,82,
4787,82,
4788,82,
4789,82,
4790,82,
4791,82,
4792,82,
4793,82,
4794,82,
4795,82,
4796,82,
4797,82,
4798,82,
4799,82,
4800,87,
4801,87,
4802,87,
4803,87,
4804,87,
4805,87,
4806,87,
4807,87,
4808,87,
4809,87,
4810,87,
4811,87,
4812,87,
4813,87,
4814,87,
4815,89,
4816,89,
4817,89,
4818,89,
4819,89,
4820,89,
4821,89,
4822,89,
4823,89,
4824,89,
4825,89,
4826,89,
4827,89,
4828,89,
4829,89,
4830,91,
4831,91,
4832,91,
4833,91,
4834,91,
4835,91,
4836,91,
4837,91,
4838,91,
4839,91,
4840,91,
4841,91,
4842,91,
4843,91,
4844,91,
4845,96,
4846,96,
4847,96,
4848,96,
4849,96,
4850,96,
4851,96,
4852,96,
4853,96,
4854,96,
4855,96,
4856,96,
4857,96,
4858,96,
4859,96,
4860,96,
4861,96,
4862,96,
4863,96,
4864,96,
4865,96,
4866,96,
4867,96,
4868,96,
4869,96,
4870,96,
4871,96,
4872,96,
4873,96,
4874,96,
4875,100,
4876,100,
4877,100,
4878,100,
4879,100,
4880,100,
4881,100,
4882,100,
4883,100,
4884,100,
4885,100,
4886,100,
4887,100,
4888,100,
4889,100,
4890,101,
4891,101,
4892,101,
4893,101,
4894,101,
4895,101,
4896,101,
4897,101,
4898,101,
4899,101,
4900,101,
4901,101,
4902,101,
4903,101,
4904,101,
4905,96,
4906,96,
4907,96,
4908,96,
4909,96,
4910,96,
4911,96,
4912,96,
4913,96,
4914,96,
4915,96,
4916,96,
4917,96,
4918,96,
4919,96,
4920,92,
4921,92,
4922,92,
4923,92,
4924,92,
4925,92,
4926,92,
4927,92,
4928,92,
4929,92,
4930,92,
4931,92,
4932,92,
4933,92,
4934,92,
4935,88,
4936,88,
4937,88,
4938,88,
4939,88,
4940,88,
4941,88,
4942,88,
4943,88,
4944,88,
4945,88,
4946,88,
4947,88,
4948,88,
4949,88,
4950,84,
4951,84,
4952,84,
4953,84,
4954,84,
4955,84,
4956,84,
4957,84,
4958,84,
4959,84,
4960,84,
4961,84,
4962,84,
4963,84,
4964,84,
4965,80,
4966,80,
4967,80,
4968,80,
4969,80,
4970,80,
4971,80,
4972,80,
4973,80,
4974,80,
4975,80,
4976,80,
4977,80,
4978,80,
4979,80,
4980,79,
4981,79,
4982,79,
4983,79,
4984,79,
4985,79,
4986,79,
4987,79,
4988,79,
4989,79,
4990,79,
4991,79,
4992,79,
4993,79,
4994,79,
4995,75,
4996,75,
4997,75,
4998,75,
4999,75,
5000,75,
5001,75,
5002,75,
5003,75,
5004,75,
5005,75,
5006,75,
5007,75,
5008,75,
5009,75,
5010,76,
5011,76,
5012,76,
5013,76,
5014,76,
5015,76,
5016,76,
5017,76,
5018,76,
5019,76,
5020,76,
5021,76,
5022,76,
5023,76,
5024,76,
5025,72,72.0
5026,72,72.0
5027,72,72.0
5028,72,72.0
5029,72,72.0
5030,72,72.0
5031,72,72.0
5032,72,72.0
5033,72,72.0
5034,72,72.0
5035,72,72.0
5036,72,72.0
5037,72,72.0
5038,72,72.0
5039,72,72.0
5040,72,72.0
5041,72,72.0
5042,72,72.0
5043,72,72.0
5044,72,72.0
5045,72,72.0
5046,72,72.0
5047,72,72.0
5048,72,72.0
5049,72,72.0
5050,72,72.0
5051,72,72.0
5052,72,72.0
5053,72,72.0
5054,72,72.0
5055,72,72.0
5056,72,72.0
5057,72,72.0
5058,72,72.0
5059,72,72.0
5060,72,72.0
5061,72,72.0
5062,72,72.0
5063,72,72.0
5064,72,72.0
5065,72,72.0
5066,72,72.0
5067,72,72.0
5068,72,72.0
5069,72,72.0
5070,72,72.0
5071,72,72.0
5072,72,72.0
5073,72,72.0
5074,72,72.0
5075,72,72.0
5076,72,72.0
5077,72,72.0
5078,72,72.0
5079,72,72.0
5080,72,72.0
5081,72,72.0
5082,72,72.0
5083,72,72.0
5084,72,72.0
5085,72,72.0
5086,72,72.0
5087,72,72.0
5088,72,72.0
5089,72,72.0
5090,72,72.0
5091,72,72.0
5092,72,72.0
5093,72,72.0
5094,72,72.0
5095,72,72.0
5096,72,72.0
5097,72,72.0
5098,72,72.0
5099,72,72.0
5100,72,72.0
5101,72,72.0
5102,72,72.0
5103,72,72.0
5104,72,72.0
5105,72,72.0
5106,72,72.0
5107,72,72.0
5108,72,72.0
5109,72,72.0
5110,72,72.0
5111,72,72.0
5112,72,72.0
5113,72,72.0
5114,72,72.0
5115,72,72.0
5116,72,72.0
5117,72,72.0
5118,72,72.0
5119,72,72.0
5120,72,72.0
5121,72,72.0
5122,72,72.0
5123,72,72.0
5124,72,72.0
5125,72,72.0
5126,72,72.0
5127,72,72.0
5128,72,72.0
5129,72,72.0
5130,72,72.0
5131,72,72.0
5132,72,72.0
5133,72,72.0
5134,72,72.0
5135,72,72.0
5136,72,72.0
5137,72,72.0
5138,72,72.0
5139,72,72.0
5140,72,72.0
5141,72,72.0
5142,72,72.0
5143,72,72.0
5144,72,72.0
5145,72,72.0
5146,72,72.0
5147,72,72.0
5148,72,72.0
5149,72,72.0
5150,72,72.0
5151,72,72.0
5152,72,72.0
5153,72,72.0
5154,72,72.0
5155,72,72.0
5156,72,72.0
5157,72,72.0
5158,72,72.0
5159,72,72.0
5160,72,72.0
5161,72,72.0
5162,72,72.0
5163,72,72.0
5164,72,72.0
5165,72,72.0
5166,72,72.0
5167,72,72.0
5168,72,72.0
5169,72,72.0
5170,72,72.0
5171,72,72.0
5172,72,72.0
5173,72,72.0
5174,72,72.0
5175,72,72.0
5176,72,72.0
5177,72,72.0
5178,72,72.0
5179,72,72.0
5180,72,72.0
5181,72,72.0
5182,72,72.0
5183,72,72.0
5184,72,72.0
5185,72,72.0
5186,72,72.0
5187,72,72.0
5188,72,72.0
5189,72,72.0
5190,71,
5191,71,
5192,71,
5193,71,
5194,71,
5195,71,
5196,71,
5197,71,
5198,71,
5199,71,
5200,71,
5201,71,
5202,71,
5203,71,
5204,71,
5205,74,
5206,74,
5207,74,
5208,74,
5209,74,
5210,74,
5211,74,
5212,74,
5213,74,
5214,74,
5215,74,
5216,74,
5217,74,
5218,74,
5219,74,
5220,73,
5221,73,
5222,73,
5223,73,
5224,73,
5225,73,
5226,73,
5227,73,
5228,73,
5229,73,
5230,73,
5231,73,
5232,73,
5233,73,
5234,73,
5235,76,
5236,76,
5237,76,
5238,76,
5239,76,
5240,76,
5241,76,
5242,76,
5243,76,
5244,76,
5245,76,
5246,76,
5247,76,
5248,76,
5249,76,
5250,76,
5251,76,
5252,76,
5253,76,
5254,76,
5255,76,
5256,76,
5257,76,
5258,76,
5259,76,
5260,76,
5261,76,
5262,76,
5263,76,
5264,76,
5265,80,
5266,80,
5267,80,
5268,80,
5269,80,
5270,80,
5271,80,
5272,80,
5273,80,
5274,80,
5275,80,
5276,80,
5277,80,
5278,80,
5279,80,
5280,73,
5281,73,
5282,73,
5283,73,
5284,73,
5285,73,
5286,73,
5287,73,
5288,73,
5289,73,
5290,73,
5291,73,
5292,73,
5293,73,
5294,73,
5295,66,
5296,66,
5297,66,
5298,66,
5299,66,
5300,66,
5301,66,
5302,66,
5303,66,
5304,66,
5305,66,
5306,66,
5307,66,
5308,66,
5309,66,
5310,59,
5311,59,
5312,59,
5313,59,
5314,59,
5315,59,
5316,59,
5317,59,
5318,59,
5319,59,
5320,59,
5321,59,
5322,59,
5323,59,
5324,59,
5325,64,
5326,64,
5327,64,
5328,64,
5329,64,
5330,64,
5331,64,
5332,64,
5333,64,
5334,64,
5335,64,
5336,64,
5337,64,
5338,64,
5339,64,
5340,69,
5341,69,
5342,69,
5343,69,
5344,69,
5345,69,
5346,69,
5347,69,
5348,69,
5349,69,
5350,69,
5351,69,
5352,69,
5353,69,
5354,69,
5355,59,
5356,59,
5357,59,
5358,59,
5359,59,
5360,59,
5361,59,
5362,59,
5363,59,
5364,59,
5365,59,
5366,59,
5367,59,
5368,59,
5369,59,
5370,52,
5371,52,
5372,52,
5373,52,
5374,52,
5375,52,
5376,52,
5377,52,
5378,52,
5379,52,
5380,52,
5381,52,
5382,52,
5383,52,
5384,52,
5385,42,
5386,42,
5387,42,
5388,42,
5389,42,
5390,42,
5391,42,
5392,42,
5393,42,
5394,42,
5395,42,
5396,42,
5397,42,
5398,42,
5399,42,
5400,48,
5401,48,
5402,48,
5403,48,
5404,48,
5405,48,
5406,48,
5407,48,
5408,48,
5409,48,
5410,48,
5411,48,
5412,48,
5413,48,
5414,48,
5415,44,
5416,44,
5417,44,
5418,44,
5419,44,
5420,44,
5421,44,
5422,44,
5423,44,
5424,44,
5425,44,
5426,44,
5427,44,
5428,44,
5429,44,
5430,53,
5431,53,
5432,53,
5433,53,
5434,53,
5435,53,
5436,53,
5437,53,
5438,53,
5439,53,
5440,53,
5441,53,
5442,53,
5443,53,
5444,53,
5445,60,
5446,60,
5447,60,
5448,60,
5449,60,
5450,60,
5451,60,
5452,60,
5453,60,
5454,60,
5455,60,
5456,60,
5457,60,
5458,60,
5459,60,
5460,66,
5461,66,
5462,66,
5463,66,
5464,66,
5465,66,
5466,66,
5467,66,
5468,66,
5469,66,
5470,66,
5471,66,
5472,66,
5473,66,
5474,66,
5475,65,
5476,65,
5477,65,
5478,65,
5479,65,
5480,65,
5481,65,
5482,65,
5483,65,
5484,65,
5485,65,
5486,65,
5487,65,
5488,65,
5489,65,
5490,64,
5491,64,
5492,64,
5493,64,
5494,64,
5495,64,
5496,64,
5497,64,
5498,64,
5499,64,
5500,64,
5501,64,
5502,64,
5503,64,
5504,64,
5505,72,
5506,72,
5507,72,
5508,72,
5509,72,
5510,72,
5511,72,
5512,72,
5513,72,
5514,72,
5515,72,
5516,72,
5517,72,
5518,72,
5519,72,
5520,79,
5521,79,
5522,79,
5523,79,
5524,79,
5525,79,
5526,79,
5527,79,
5528,79,
5529,79,
5530,79,
5531,79,
5532,79,
5533,79,
5534,79,
5535,86,
5536,86,
5537,86,
5538,86,
5539,86,
5540,86,
5541,86,
5542,86,
5543,86,
5544,86,
5545,86,
5546,86,
5547,86,
5548,86,
5549,86,
5550,81,
5551,81,
5552,81,
5553,81,
5554,81,
5555,81,
5556,81,
5557,81,
5558,81,
5559,81,
5560,81,
5561,81,
5562,81,
5563,81,
5564,81,
5565,80,
5566,80,
5567,80,
5568,80,
5569,80,
5570,80,
5571,80,
5572,80,
5573,80,
5574,80,
5575,80,
5576,80,
5577,80,
5578,80,
5579,80,
5580,78,
5581,78,
5582,78,
5583,78,
5584,78,
5585,78,
5586,78,
5587,78,
5588,78,
5589,78,
5590,78,
5591,78,
5592,78,
5593,78,
5594,78,
5595,79,
5596,79,
5597,79,
5598,79,
5599,79,
5600,79,
5601,79,
5602,79,
5603,79,
5604,79,
5605,79,
5606,79,
5607,79,
5608,79,
5609,79,
5610,80,
5611,80,
5612,80,
5613,80,
5614,80,
5615,80,
5616,80,
5617,80,
5618,80,
5619,80,
5620,80,
5621,80,
5622,80,
5623,80,
5624,80,
5625,76,
5626,76,
5627,76,
5628,76,
5629,76,
5630,76,
5631,76,
5632,76,
5633,76,
5634,76,
5635,76,
5636,76,
5637,76,
5638,76,
5639,76,
5640,72,
5641,72,
5642,72,
5643,72,
5644,72,
5645,72,
5646,72,
5647,72,
5648,72,
5649,72,
5650,72,
5651,72,
5652,72,
5653,72,
5654,72,
5655,71,
5656,71,
5657,71,
5658,71,
5659,71,
5660,71,
5661,71,
5662,71,
5663,71,
5664,71,
5665,71,
5666,71,
5667,71,
5668,71,
5669,71,
5670,70,
5671,70,
5672,70,
5673,70,
5674,70,
5675,70,
5676,70,
5677,70,
5678,70,
5679,70,
5680,70,
5681,70,
5682,70,
5683,70,
5684,70,
5685,69,
5686,69,
5687,69,
5688,69,
5689,69,
5690,69,
5691,69,
5692,69,
5693,69,
5694,69,
5695,69,
5696,69,
5697,69,
5698,69,
5699,69,
5700,68,
5701,68,
5702,68,
5703,68,
5704,68,
5705,68,
5706,68,
5707,68,
5708,68,
5709,68,
5710,68,
5711,68,
5712,68,
5713,68,
5714,68,
5715,68,
5716,68,
5717,68,
5718,68,
5719,68,
5720,68,
5721,68,
5722,68,
5723,68,
5724,68,
5725,68,
5726,68,
5727,68,
5728,68,
5729,68,
5730,69,
5731,69,
5732,69,
5733,69,
5734,69,
5735,69,
5736,69,
5737,69,
5738,69,
5739,69,
5740,69,
5741,69,
5742,69,
5743,69,
5744,69,
5745,68,
5746,68,
5747,68,
5748,68,
5749,68,
5750,68,
5751,68,
5752,68,
5753,68,
5754,68,
5755,68,
5756,68,
5757,68,
5758,68,
5759,68,
5760,68,
5761,68,
5762,68,
5763,68,
5764,68,
5765,68,
5766,68,
5767,68,
5768,68,
5769,68,
5770,68,
5771,68,
5772,68,
5773,68,
5774,68,
5775,69,
5776,69,
5777,69,
5778,69,
5779,69,
5780,69,
5781,69,
5782,69,
5783,69,
5784,69,
5785,69,
5786,69,
5787,69,
5788,69,
5789,69,
5790,71,
5791,71,
5792,71,
5793,71,
5794,71,
5795,71,
5796,71,
5797,71,
5798,71,
5799,71,
5800,71,
5801,71,
5802,71,
5803,71,
5804,71,
5805,73,
5806,73,
5807,73,
5808,73,
5809,73,
5810,73,
5811,73,
5812,73,
5813,73,
5814,73,
5815,73,
5816,73,
5817,73,
5818,73,
5819,73,
5820,76,
5821,76,
5822,76,
5823,76,
5824,76,
5825,76,
5826,76,
5827,76,
5828,76,
5829,76,
5830,76,
5831,76,
5832,76,
5833,76,
5834,76,
5835,78,
5836,78,
5837,78,
5838,78,
5839,78,
5840,78,
5841,78,
5842,78,
5843,78,
5844,78,
5845,78,
5846,78,
5847,78,
5848,78,
5849,78,
5850,80,
5851,80,
5852,80,
5853,80,
5854,80,
5855,80,
5856,80,
5857,80,
5858,80,
5859,80,
5860,80,
5861,80,
5862,80,
5863,80,
5864,80,
5865,83,
5866,83,
5867,83,
5868,83,
5869,83,
5870,83,
5871,83,
5872,83,
5873,83,
5874,83,
5875,83,
5876,83,
5877,83,
5878,83,
5879,83,
5880,83,
5881,83,
5882,83,
5883,83,
5884,83,
5885,83,
5886,83,
5887,83,
5888,83,
5889,83,
5890,83,
5891,83,
5892,83,
5893,83,
5894,83,
5895,84,
5896,84,
5897,84,
5898,84,
5899,84,
5900,84,
5901,84,
5902,84,
5903,84,
5904,84,
5905,84,
5906,84,
5907,84,
5908,84,
5909,84,
5910,85,
5911,85,
5912,85,
5913,85,
5914,85,
5915,85,
5916,85,
5917,85,
5918,85,
5919,85,
5920,85,
5921,85,
5922,85,
5923,85,
5924,85,
5925,84,
5926,84,
5927,84,
5928,84,
5929,84,
5930,84,
5931,84,
5932,84,
5933,84,
5934,84,
5935,84,
5936,84,
5937,84,
5938,84,
5939,84,
5940,84,
5941,84,
5942,84,
5943,84,
5944,84,
5945,84,
5946,84,
5947,84,
5948,84,
5949,84,
5950,84,
5951,84,
5952,84,
5953,84,
5954,84,
5955,83,
5956,83,
5957,83,
5958,83,
5959,83,
5960,83,
5961,83,
5962,83,
5963,83,
5964,83,
5965,83,
5966,83,
5967,83,
5968,83,
5969,83,
5970,82,
5971,82,
5972,82,
5973,82,
5974,82,
5975,82,
5976,82,
5977,82,
5978,82,
5979,82,
5980,82,
5981,82,
5982,82,
5983,82,
5984,82,
5985,80,
5986,80,
5987,80,
5988,80,
5989,80,
5990,80,
5991,80,
5992,80,
5993,80,
5994,80,
5995,80,
5996,80,
5997,80,
5998,80,
5999,80,
6000,82,
6001,82,
6002,82,
6003,82,
6004,82,
6005,82,
6006,82,
6007,82,
6008,82,
6009,82,
6010,82,
6011,82,
6012,82,
6013,82,
6014,82,
6015,84,
6016,84,
6017,84,
6018,84,
6019,84,
6020,84,
6021,84,
6022,84,
6023,84,
6024,84,
6025,84,
6026,84,
6027,84,
6028,84,
6029,84,
6030,85,
6031,85,
6032,85,
6033,85,
6034,85,
6035,85,
6036,85,
6037,85,
6038,85,
6039,85,
6040,85,
6041,85,
6042,85,
6043,85,
6044,85,
6045,88,
6046,88,
6047,88,
6048,88,
6049,88,
6050,88,
6051,88,
6052,88,
6053,88,
6054,88,
6055,88,
6056,88,
6057,88,
6058,88,
6059,88,
6060,91,
6061,91,
6062,91,
6063,91,
6064,91,
6065,91,
6066,91,
6067,91,
6068,91,
6069,91,
6070,91,
6071,91,
6072,91,
6073,91,
6074,91,
6075,94,
6076,94,
6077,94,
6078,94,
6079,94,
6080,94,
6081,94,
6082,94,
6083,94,
6084,94,
6085,94,
6086,94,
6087,94,
6088,94,
6089,94,
6090,92,
6091,92,
6092,92,
6093,92,
6094,92,
6095,92,
6096,92,
6097,92,
6098,92,
6099,92,
6100,92,
6101,92,
6102,92,
6103,92,
6104,92,
6105,91,
6106,91,
6107,91,
6108,91,
6109,91,
6110,91,
6111,91,
6112,91,
6113,91,
6114,91,
6115,91,
6116,91,
6117,91,
6118,91,
6119,91,
6120,89,
6121,89,
6122,89,
6123,89,
6124,89,
6125,89,
6126,89,
6127,89,
6128,89,
6129,89,
6130,89,
6131,89,
6132,89,
6133,89,
6134,89,
6135,91,
6136,91,
6137,91,
6138,91,
6139,91,
6140,91,
6141,91,
6142,91,
6143,91,
6144,91,
6145,91,
6146,91,
6147,91,
6148,91,
6149,91,
6150,88,
6151,88,
6152,88,
6153,88,
6154,88,
6155,88,
6156,88,
6157,88,
6158,88,
6159,88,
6160,88,
6161,88,
6162,88,
6163,88,
6164,88,
6165,83,
6166,83,
6167,83,
6168,83,
6169,83,
6170,83,
6171,83,
6172,83,
6173,83,
6174,83,
6175,83,
6176,83,
6177,83,
6178,83,
6179,83,
6180,80,
6181,80,
6182,80,
6183,80,
6184,80,
6185,80,
6186,80,
6187,80,
6188,80,
6189,80,
6190,80,
6191,80,
6192,80,
6193,80,
6194,80,
6195,80,
6196,80,
6197,80,
6198,80,
6199,80,
6200,80,
6201,80,
6202,80,
6203,80,
6204,80,
6205,80,
6206,80,
6207,80,
6208,80,
6209,80,
6210,78,
6211,78,
6212,78,
6213,78,
6214,78,
6215,78,
6216,78,
6217,78,
6218,78,
6219,78,
6220,78,
6221,78,
6222,78,
6223,78,
6224,78,
6225,73,
6226,73,
6227,73,
6228,73,
6229,73,
6230,73,
6231,73,
6232,73,
6233,73,
6234,73,
6235,73,
6236,73,
6237,73,
6238,73,
6239,73,
6240,73,
6241,73,
6242,73,
6243,73,
6244,73,
6245,73,
6246,73,
6247,73,
6248,73,
6249,73,
6250,73,
6251,73,
6252,73,
6253,73,
6254,73,
6255,73,
6256,73,
6257,73,
6258,73,
6259,73,
6260,73,
6261,73,
6262,73,
6263,73,
6264,73,
6265,73,
6266,73,
6267,73,
6268,73,
6269,73,
6270,73,
6271,73,
6272,73,
6273,73,
6274,73,
6275,73,
6276,73,
6277,73,
6278,73,
6279,73,
6280,73,
6281,73,
6282,73,
6283,73,
6284,73,
6285,72,
6286,72,
6287,72,
6288,72,
6289,72,
6290,72,
6291,72,
6292,72,
6293,72,
6294,72,
6295,72,
6296,72,
6297,72,
6298,72,
6299,72,
6300,70,
6301,70,
6302,70,
6303,70,
6304,70,
6305,70,
6306,70,
6307,70,
6308,70,
6309,70,
6310,70,
6311,70,
6312,70,
6313,70,
6314,70,
6315,70,
6316,70,
6317,70,
6318,70,
6319,70,
6320,70,
6321,70,
6322,70,
6323,70,
6324,70,
6325,70,
6326,70,
6327,70,
6328,70,
6329,70,
6330,70,
6331,70,
6332,70,
6333,70,
6334,70,
6335,70,
6336,70,
6337,70,
6338,70,
6339,70,
6340,70,
6341,70,
6342,70,
6343,70,
6344,70,
6345,68,
6346,68,
6347,68,
6348,68,
6349,68,
6350,68,
6351,68,
6352,68,
6353,68,
6354,68,
6355,68,
6356,68,
6357,68,
6358,68,
6359,68,
6360,65,
6361,65,
6362,65,
6363,65,
6364,65,
6365,65,
6366,65,
6367,65,
6368,65,
6369,65,
6370,65,
6371,65,
6372,65,
6373,65,
6374,65,
6375,66,
6376,66,
6377,66,
6378,66,
6379,66,
6380,66,
6381,66,
6382,66,
6383,66,
6384,66,
6385,66,
6386,66,
6387,66,
6388,66,
6389,66,
6390,67,
6391,67,
6392,67,
6393,67,
6394,67,
6395,67,
6396,67,
6397,67,
6398,67,
6399,67,
6400,67,
6401,67,
6402,67,
6403,67,
6404,67,
6405,68,
6406,68,
6407,68,
6408,68,
6409,68,
6410,68,
6411,68,
6412,68,
6413,68,
6414,68,
6415,68,
6416,68,
6417,68,
6418,68,
6419,68,
6420,68,
6421,68,
6422,68,
6423,68,
6424,68,
6425,68,
6426,68,
6427,68,
6428,68,
6429,68,
6430,68,
6431,68,
6432,68,
6433,68,
6434,68,
6435,69,
6436,69,
6437,69,
6438,69,
6439,69,
6440,69,
6441,69,
6442,69,
6443,69,
6444,69,
6445,69,
6446,69,
6447,69,
6448,69,
6449,69,
6450,70,
6451,70,
6452,70,
6453,70,
6454,70,
6455,70,
6456,70,
6457,70,
6458,70,
6459,70,
6460,70,
6461,70,
6462,70,
6463,70,
6464,70,
6465,71,
6466,71,
6467,71,
6468,71,
6469,71,
6470,71,
6471,71,
6472,71,
6473,71,
6474,71,
6475,71,
6476,71,
6477,71,
6478,71,
6479,71,
6480,72,
6481,72,
6482,72,
6483,72,
6484,72,
6485,72,
6486,72,
6487,72,
6488,72,
6489,72,
6490,72,
6491,72,
6492,72,
6493,72,
6494,72,
6495,73,
6496,73,
6497,73,
6498,73,
6499,73,
6500,73,
6501,73,
6502,73,
6503,73,
6504,73,
6505,73,
6506,73,
6507,73,
6508,73,
6509,73,
6510,72,72.0
6511,72,72.0
6512,72,72.0
6513,72,72.0
6514,72,72.0
6515,72,72.0
6516,72,72.0
6517,72,72.0
6518,72,72.0
6519,72,72.0
6520,72,72.0
6521,72,72.0
6522,72,72.0
6523,72,72.0
6524,72,72.0
6525,72,72.0
6526,72,72.0
6527,72,72.0
6528,72,72.0
6529,72,72.0
6530,72,72.0
6531,72,72.0
6532,72,72.0
6533,72,72.0
6534,72,72.0
6535,72,72.0
6536,72,72.0
6537,72,72.0
6538,72,72.0
6539,72,72.0
6540,72,72.0
6541,72,72.0
6542,72,72.0
6543,72,72.0
6544,72,72.0
6545,72,72.0
6546,72,72.0
6547,72,72.0
6548,72,72.0
6549,72,72.0
6550,72,72.0
6551,72,72.0
6552,72,72.0
6553,72,72.0
6554,72,72.0
6555,72,72.0
6556,72,72.0
6557,72,72.0
6558,72,72.0
6559,72,72.0
6560,72,72.0
6561,72,72.0
6562,72,72.0
6563,72,72.0
6564,72,72.0
6565,72,72.0
6566,72,72.0
6567,72,72.0
6568,72,72.0
6569,72,72.0
6570,72,72.0
6571,72,72.0
6572,72,72.0
6573,72,72.0
6574,72,72.0
6575,72,72.0
6576,72,72.0
6577,72,72.0
6578,72,72.0
6579,72,72.0
6580,72,72.0
6581,72,72.0
6582,72,72.0
6583,72,72.0
6584,72,72.0
6585,72,72.0
6586,72,72.0
6587,72,72.0
6588,72,72.0
6589,72,72.0
6590,72,72.0
6591,72,72.0
6592,72,72.0
6593,72,72.0
6594,72,72.0
6595,72,72.0
6596,72,72.0
6597,72,72.0
6598,72,72.0
6599,72,72.0
6600,72,72.0
6601,72,72.0
6602,72,72.0
6603,72,72.0
6604,72,72.0
6605,72,72.0
6606,72,72.0
6607,72,72.0
6608,72,72.0
6609,72,72.0
6610,72,72.0
6611,72,72.0
6612,72,72.0
6613,72,72.0
6614,72,72.0
6615,74,
6616,74,
6617,74,
6618,74,
6619,74,
6620,74,
6621,74,
6622,74,
6623,74,
6624,74,
6625,74,
6626,74,
6627,74,
6628,74,
6629,74,
6630,76,
6631,76,
6632,76,
6633,76,
6634,76,
6635,76,
6636,76,
6637,76,
6638,76,
6639,76,
6640,76,
6641,76,
6642,76,
6643,76,
6644,76,
6645,76,
6646,76,
6647,76,
6648,76,
6649,76,
6650,76,
6651,76,
6652,76,
6653,76,
6654,76,
6655,76,
6656,76,
6657,76,
6658,76,
6659,76,
6660,76,
6661,76,
6662,76,
6663,76,
6664,76,
6665,76,
6666,76,
6667,76,
6668,76,
6669,76,
6670,76,
6671,76,
6672,76,
6673,76,
6674,76,
6675,75,
6676,75,
6677,75,
6678,75,
6679,75,
6680,75,
6681,75,
6682,75,
6683,75,
6684,75,
6685,75,
6686,75,
6687,75,
6688,75,
6689,75,
6690,74,
6691,74,
6692,74,
6693,74,
6694,74,
6695,74,
6696,74,
6697,74,
6698,74,
6699,74,
6700,74,
6701,74,
6702,74,
6703,74,
6704,74,
6705,73,
6706,73,
6707,73,
6708,73,
6709,73,
6710,73,
6711,73,
6712,73,
6713,73,
6714,73,
6715,73,
6716,73,
6717,73,
6718,73,
6719,73,
6720,74,
6721,74,
6722,74,
6723,74,
6724,74,
6725,74,
6726,74,
6727,74,
6728,74,
6729,74,
6730,74,
6731,74,
6732,74,
6733,74,
6734,74,
6735,74,
6736,74,
6737,74,
6738,74,
6739,74,
6740,74,
6741,74,
6742,74,
6743,74,
6744,74,
6745,74,
6746,74,
6747,74,
6748,74,
6749,74,
6750,76,
6751,76,
6752,76,
6753,76,
6754,76,
6755,76,
6756,76,
6757,76,
6758,76,
6759,76,
6760,76,
6761,76,
6762,76,
6763,76,
6764,76,
6765,75,
6766,75,
6767,75,
6768,75,
6769,75,
6770,75,
6771,75,
6772,75,
6773,75,
6774,75,
6775,75,
6776,75,
6777,75,
6778,75,
6779,75,
6780,75,
6781,75,
6782,75,
6783,75,
6784,75,
6785,75,
6786,75,
6787,75,
6788,75,
6789,75,
6790,75,
6791,75,
6792,75,
6793,75,
6794,75,
6795,75,
6796,75,
6797,75,
6798,75,
6799,75,
6800,75,
6801,75,
6802,75,
6803,75,
6804,75,
6805,75,
6806,75,
6807,75,
6808,75,
6809,75,
6810,79,
6811,79,
6812,79,
6813,79,
6814,79,
6815,79,
6816,79,
6817,79,
6818,79,
6819,79,
6820,79,
6821,79,
6822,79,
6823,79,
6824,79,
6825,80,
6826,80,
6827,80,
6828,80,
6829,80,
6830,80,
6831,80,
6832,80,
6833,80,
6834,80,
6835,80,
6836,80,
6837,80,
6838,80,
6839,80,
6840,80,
6841,80,
6842,80,
6843,80,
6844,80,
6845,80,
6846,80,
6847,80,
6848,80,
6849,80,
6850,80,
6851,80,
6852,80,
6853,80,
6854,80,
6855,81,
6856,81,
6857,81,
6858,81,
6859,81,
6860,81,
6861,81,
6862,81,
6863,81,
6864,81,
6865,81,
6866,81,
6867,81,
6868,81,
6869,81,
6870,80,
6871,80,
6872,80,
6873,80,
6874,80,
6875,80,
6876,80,
6877,80,
6878,80,
6879,80,
6880,80,
6881,80,
6882,80,
6883,80,
6884,80,
6885,81,
6886,81,
6887,81,
6888,81,
6889,81,
6890,81,
6891,81,
6892,81,
6893,81,
6894,81,
6895,81,
6896,81,
6897,81,
6898,81,
6899,81,
6900,84,
6901,84,
6902,84,
6903,84,
6904,84,
6905,84,
6906,84,
6907,84,
6908,84,
6909,84,
6910,84,
6911,84,
6912,84,
6913,84,
6914,84,
6915,88,
6916,88,
6917,88,
6918,88,
6919,88,
6920,88,
6921,88,
6922,88,
6923,88,
6924,88,
6925,88,
6926,88,
6927,88,
6928,88,
6929,88,
6930,86,
6931,86,
6932,86,
6933,86,
6934,86,
6935,86,
6936,86,
6937,86,
6938,86,
6939,86,
6940,86,
6941,86,
6942,86,
6943,86,
6944,86,
6945,87,
6946,87,
6947,87,
6948,87,
6949,87,
6950,87,
6951,87,
6952,87,
6953,87,
6954,87,
6955,87,
6956,87,
6957,87,
6958,87,
6959,87,
6960,86,
6961,86,
6962,86,
6963,86,
6964,86,
6965,86,
6966,86,
6967,86,
6968,86,
6969,86,
6970,86,
6971,86,
6972,86,
6973,86,
6974,86,
6975,88,
6976,88,
6977,88,
6978,88,
6979,88,
6980,88,
6981,88,
6982,88,
6983,88,
6984,88,
6985,88,
6986,88,
6987,88,
6988,88,
6989,88,
6990,87,
6991,87,
6992,87,
6993,87,
6994,87,
6995,87,
6996,87,
6997,87,
6998,87,
6999,87,
7000,87,
7001,87,
7002,87,
7003,87,
7004,87,
7005,89,
7006,89,
7007,89,
7008,89,
7009,89,
7010,89,
7011,89,
7012,89,
7013,89,
7014,89,
7015,89,
7016,89,
7017,89,
7018,89,
7019,89,
7020,90,
7021,90,
7022,90,
7023,90,
7024,90,
7025,90,
7026,90,
7027,90,
7028,90,
7029,90,
7030,90,
7031,90,
7032,90,
7033,90,
7034,90,
7035,89,
7036,89,
7037,89,
7038,89,
7039,89,
7040,89,
7041,89,
7042,89,
7043,89,
7044,89,
7045,89,
7046,89,
7047,89,
7048,89,
7049,89,
7050,84,
7051,84,
7052,84,
7053,84,
7054,84,
7055,84,
7056,84,
7057,84,
7058,84,
7059,84,
7060,84,
7061,84,
7062,84,
7063,84,
7064,84,
7065,78,
7066,78,
7067,78,
7068,78,
7069,78,
7070,78,
7071,78,
7072,78,
7073,78,
7074,78,
7075,78,
7076,78,
7077,78,
7078,78,
7079,78,
7080,77,
7081,77,
7082,77,
7083,77,
7084,77,
7085,77,
7086,77,
7087,77,
7088,77,
7089,77,
7090,77,
7091,77,
7092,77,
7093,77,
7094,77,
7095,74,
7096,74,
7097,74,
7098,74,
7099,74,
7100,74,
7101,74,
7102,74,
7103,74,
7104,74,
7105,74,
7106,74,
7107,74,
7108,74,
7109,74,
7110,72,
7111,72,
7112,72,
7113,72,
7114,72,
7115,72,
7116,72,
7117,72,
7118,72,
7119,72,
7120,72,
7121,72,
7122,72,
7123,72,
7124,72,
7125,72,
7126,72,
7127,72,
7128,72,
7129,72,
7130,72,
7131,72,
7132,72,
7133,72,
7134,72,
7135,72,
7136,72,
7137,72,
7138,72,
7139,72,
7140,73,
7141,73,
7142,73,
7143,73,
7144,73,
7145,73,
7146,73,
7147,73,
7148,73,
7149,73,
7150,73,
7151,73,
7152,73,
7153,73,
7154,73,
7155,75,
7156,75,
7157,75,
7158,75,
7159,75,
7160,75,
7161,75,
7162,75,
7163,75,
7164,75,
7165,75,
7166,75,
7167,75,
7168,75,
7169,75,
7170,74,
7171,74,
7172,74,
7173,74,
7174,74,
7175,74,
7176,74,
7177,74,
7178,74,
7179,74,
7180,74,
7181,74,
7182,74,
7183,74,
7184,74,
7185,75,
7186,75,
7187,75,
7188,75,
7189,75,
7190,75,
7191,75,
7192,75,
7193,75,
7194,75,
7195,75,
7196,75,
7197,75,
7198,75,
7199,75,
7200,80,
7201,80,
7202,80,
7203,80,
7204,80,
7205,80,
7206,80,
7207,80,
7208,80,
7209,80,
7210,80,
7211,80,
7212,80,
7213,80,
7214,80,
7215,84,
7216,84,
7217,84,
7218,84,
7219,84,
7220,84,
7221,84,
7222,84,
7223,84,
7224,84,
7225,84,
7226,84,
7227,84,
7228,84,
7229,84,
7230,89,
7231,89,
7232,89,
7233,89,
7234,89,
7235,89,
7236,89,
7237,89,
7238,89,
7239,89,
7240,89,
7241,89,
7242,89,
7243,89,
7244,89,
7245,94,
7246,94,
7247,94,
7248,94,
7249,94,
7250,94,
7251,94,
7252,94,
7253,94,
7254,94,
7255,94,
7256,94,
7257,94,
7258,94,
7259,94,
7260,92,
7261,92,
7262,92,
7263,92,
7264,92,
7265,92,
7266,92,
7267,92,
7268,92,
7269,92,
7270,92,
7271,92,
7272,92,
7273,92,
7274,92,
7275,96,
7276,96,
7277,96,
7278,96,
7279,96,
7280,96,
7281,96,
7282,96,
7283,96,
7284,96,
7285,96,
7286,96,
7287,96,
7288,96,
7289,96,
7290,100,
7291,100,
7292,100,
7293,100,
7294,100,
7295,100,
7296,100,
7297,100,
7298,100,
7299,100,
7300,100,
7301,100,
7302,100,
7303,100,
7304,100,
7305,96,
7306,96,
7307,96,
7308,96,
7309,96,
7310,96,
7311,96,
7312,96,
7313,96,
7314,96,
7315,96,
7316,96,
7317,96,
7318,96,
7319,96,
7320,100,
7321,100,
7322,100,
7323,100,
7324,100,
7325,100,
7326,100,
7327,100,
7328,100,
7329,100,
7330,100,
7331,100,
7332,100,
7333,100,
7334,100,
7335,105,
7336,105,
7337,105,
7338,105,
7339,105,
7340,105,
7341,105,
7342,105,
7343,105,
7344,105,
7345,105,
7346,105,
7347,105,
7348,105,
7349,105,
7350,103,
7351,103,
7352,103,
7353,103,
7354,103,
7355,103,
7356,103,
7357,103,
7358,103,
7359,103,
7360,103,
7361,103,
7362,103,
7363,103,
7364,103,
7365,100,
7366,100,
7367,100,
7368,100,
7369,100,
7370,100,
7371,100,
7372,100,
7373,100,
7374,100,
7375,100,
7376,100,
7377,100,
7378,100,
7379,100,
7380,100,
7381,100,
7382,100,
7383,100,
7384,100,
7385,100,
7386,100,
7387,100,
7388,100,
7389,100,
7390,100,
7391,100,
7392,100,
7393,100,
7394,100,
7395,99,
7396,99,
7397,99,
7398,99,
7399,99,
7400,99,
7401,99,
7402,99,
7403,99,
7404,99,
7405,99,
7406,99,
7407,99,
7408,99,
7409,99,
7410,100,
7411,100,
7412,100,
7413,100,
7414,100,
7415,100,
7416,100,
7417,100,
7418,100,
7419,100,
7420,100,
7421,100,
7422,100,
7423,100,
7424,100,
7425,97,
7426,97,
7427,97,
7428,97,
7429,97,
7430,97,
7431,97,
7432,97,
7433,97,
7434,97,
7435,97,
7436,97,
7437,97,
7438,97,
7439,97,
7440,96,
7441,96,
7442,96,
7443,96,
7444,96,
7445,96,
7446,96,
7447,96,
7448,96,
7449,96,
7450,96,
7451,96,
7452,96,
7453,96,
7454,96,
7455,97,
7456,97,
7457,97,
7458,97,
7459,97,
7460,97,
7461,97,
7462,97,
7463,97,
7464,97,
7465,97,
7466,97,
7467,97,
7468,97,
7469,97,
7470,96,
7471,96,
7472,96,
7473,96,
7474,96,
7475,96,
7476,96,
7477,96,
7478,96,
7479,96,
7480,96,
7481,96,
7482,96,
7483,96,
7484,96,
7485,91,
7486,91,
7487,91,
7488,91,
7489,91,
7490,91,
7491,91,
7492,91,
7493,91,
7494,91,
7495,91,
7496,91,
7497,91,
7498,91,
7499,91,
7500,92,
7501,92,
7502,92,
7503,92,
7504,92,
7505,92,
7506,92,
7507,92,
7508,92,
7509,92,
7510,92,
7511,92,
7512,92,
7513,92,
7514,92,
7515,94,
7516,94,
7517,94,
7518,94,
7519,94,
7520,94,
7521,94,
7522,94,
7523,94,
7524,94,
7525,94,
7526,94,
7527,94,
7528,94,
7529,94,
7530,96,
7531,96,
7532,96,
7533,96,
7534,96,
7535,96,
7536,96,
7537,96,
7538,96,
7539,96,
7540,96,
7541,96,
7542,96,
7543,96,
7544,96,
7545,96,
7546,96,
7547,96,
7548,96,
7549,96,
7550,96,
7551,96,
7552,96,
7553,96,
7554,96,
7555,96,
7556,96,
7557,96,
7558,96,
7559,96,
7560,100,
7561,100,
7562,100,
7563,100,
7564,100,
7565,100,
7566,100,
7567,100,
7568,100,
7569,100,
7570,100,
7571,100,
7572,100,
7573,100,
7574,100,
7575,102,
7576,102,
7577,102,
7578,102,
7579,102,
7580,102,
7581,102,
7582,102,
7583,102,
7584,102,
7585,102,
7586,102,
7587,102,
7588,102,
7589,102,
7590,101,
7591,101,
7592,101,
7593,101,
7594,101,
7595,101,
7596,101,
7597,101,
7598,101,
7599,101,
7600,101,
7601,101,
7602,101,
7603,101,
7604,101,
7605,102,
7606,102,
7607,102,
7608,102,
7609,102,
7610,102,
7611,102,
7612,102,
7613,102,
7614,102,
7615,102,
7616,102,
7617,102,
7618,102,
7619,102,
7620,103,
7621,103,
7622,103,
7623,103,
7624,103,
7625,103,
7626,103,
7627,103,
7628,103,
7629,103,
7630,103,
7631,103,
7632,103,
7633,103,
7634,103,
7635,107,
7636,107,
7637,107,
7638,107,
7639,107,
7640,107,
7641,107,
7642,107,
7643,107,
7644,107,
7645,107,
7646,107,
7647,107,
7648,107,
7649,107,
7650,108,
7651,108,
7652,108,
7653,108,
7654,108,
7655,108,
7656,108,
7657,108,
7658,108,
7659,108,
7660,108,
7661,108,
7662,108,
7663,108,
7664,108,
7665,105,
7666,105,
7667,105,
7668,105,
7669,105,
7670,105,
7671,105,
7672,105,
7673,105,
7674,105,
7675,105,
7676,105,
7677,105,
7678,105,
7679,105,
7680,101,
7681,101,
7682,101,
7683,101,
7684,101,
7685,101,
7686,101,
7687,101,
7688,101,
7689,101,
7690,101,
7691,101,
7692,101,
7693,101,
7694,101,
7695,100,
7696,100,
7697,100,
7698,100,
7699,100,
7700,100,
7701,100,
7702,100,
7703,100,
7704,100,
7705,100,
7706,100,
7707,100,
7708,100,
7709,100,
7710,99,
7711,99,
7712,99,
7713,99,
7714,99,
7715,99,
7716,99,
7717,99,
7718,99,
7719,99,
7720,99,
7721,99,
7722,99,
7723,99,
7724,99,
7725,98,
7726,98,
7727,98,
7728,98,
7729,98,
7730,98,
7731,98,
7732,98,
7733,98,
7734,98,
7735,98,
7736,98,
7737,98,
7738,98,
7739,98,
7740,96,
7741,96,
7742,96,
7743,96,
7744,96,
7745,96,
7746,96,
7747,96,
7748,96,
7749,96,
7750,96,
7751,96,
7752,96,
7753,96,
7754,96,
7755,93,
7756,93,
7757,93,
7758,93,
7759,93,
7760,93,
7761,93,
7762,93,
7763,93,
7764,93,
7765,93,
7766,93,
7767,93,
7768,93,
7769,93,
7770,89,
7771,89,
7772,89,
7773,89,
7774,89,
7775,89,
7776,89,
7777,89,
7778,89,
7779,89,
7780,89,
7781,89,
7782,89,
7783,89,
7784,89,
7785,88,
7786,88,
7787,88,
7788,88,
7789,88,
7790,88,
7791,88,
7792,88,
7793,88,
7794,88,
7795,88,
7796,88,
7797,88,
7798,88,
7799,88,
7800,86,
7801,86,
7802,86,
7803,86,
7804,86,
7805,86,
7806,86,
7807,86,
7808,86,
7809,86,
7810,86,
7811,86,
7812,86,
7813,86,
7814,86,
7815,90,
7816,90,
7817,90,
7818,90,
7819,90,
7820,90,
7821,90,
7822,90,
7823,90,
7824,90,
7825,90,
7826,90,
7827,90,
7828,90,
7829,90,
7830,94,
7831,94,
7832,94,
7833,94,
7834,94,
7835,94,
7836,94,
7837,94,
7838,94,
7839,94,
7840,94,
7841,94,
7842,94,
7843,94,
7844,94,
7845,92,
7846,92,
7847,92,
7848,92,
7849,92,
7850,92,
7851,92,
7852,92,
7853,92,
7854,92,
7855,92,
7856,92,
7857,92,
7858,92,
7859,92,
7860,94,
7861,94,
7862,94,
7863,94,
7864,94,
7865,94,
7866,94,
7867,94,
7868,94,
7869,94,
7870,94,
7871,94,
7872,94,
7873,94,
7874,94,
7875,96,
7876,96,
7877,96,
7878,96,
7879,96,
7880,96,
7881,96,
7882,96,
7883,96,
7884,96,
7885,96,
7886,96,
7887,96,
7888,96,
7889,96,
7890,95,
7891,95,
7892,95,
7893,95,
7894,95,
7895,95,
7896,95,
7897,95,
7898,95,
7899,95,
7900,95,
7901,95,
7902,95,
7903,95,
7904,95,
7905,95,
7906,95,
7907,95,
7908,95,
7909,95,
7910,95,
7911,95,
7912,95,
7913,95,
7914,95,
7915,95,
7916,95,
7917,95,
7918,95,
7919,95,
7920,98,
7921,98,
7922,98,
7923,98,
7924,98,
7925,98,
7926,98,
7927,98,
7928,98,
7929,98,
7930,98,
7931,98,
7932,98,
7933,98,
7934,98,
7935,99,
7936,99,
7937,99,
7938,99,
7939,99,
7940,99,
7941,99,
7942,99,
7943,99,
7944,99,
7945,99,
7946,99,
7947,99,
7948,99,
7949,99,
7950,100,
7951,100,
7952,100,
7953,100,
7954,100,
7955,100,
7956,100,
7957,100,
7958,100,
7959,100,
7960,100,
7961,100,
7962,100,
7963,100,
7964,100,
7965,95,
7966,95,
7967,95,
7968,95,
7969,95,
7970,95,
7971,95,
7972,95,
7973,95,
7974,95,
7975,95,
7976,95,
7977,95,
7978,95,
7979,95,
7980,90,
7981,90,
7982,90,
7983,90,
7984,90,
7985,90,
7986,90,
7987,90,
7988,90,
7989,90,
7990,90,
7991,90,
7992,90,
7993,90,
7994,90,
7995,92,
7996,92,
7997,92,
7998,92,
7999,92,
8000,92,
8001,92,
8002,92,
8003,92,
8004,92,
8005,92,
8006,92,
8007,92,
8008,92,
8009,92,
8010,90,
8011,90,
8012,90,
8013,90,
8014,90,
8015,90,
8016,90,
8017,90,
8018,90,
8019,90,
8020,90,
8021,90,
8022,90,
8023,90,
8024,90,
8025,85,
8026,85,
8027,85,
8028,85,
8029,85,
8030,85,
8031,85,
8032,85,
8033,85,
8034,85,
8035,85,
8036,85,
8037,85,
8038,85,
8039,85,
8040,86,
8041,86,
8042,86,
8043,86,
8044,86,
8045,86,
8046,86,
8047,86,
8048,86,
8049,86,
8050,86,
8051,86,
8052,86,
8053,86,
8054,86,
8055,89,
8056,89,
8057,89,
8058,89,
8059,89,
8060,89,
8061,89,
8062,89,
8063,89,
8064,89,
8065,89,
8066,89,
8067,89,
8068,89,
8069,89,
8070,86,
8071,86,
8072,86,
8073,86,
8074,86,
8075,86,
8076,86,
8077,86,
8078,86,
8079,86,
8080,86,
8081,86,
8082,86,
8083,86,
8084,86,
8085,84,
8086,84,
8087,84,
8088,84,
8089,84,
8090,84,
8091,84,
8092,84,
8093,84,
8094,84,
8095,84,
8096,84,
8097,84,
8098,84,
8099,84,
8100,82,
8101,82,
8102,82,
8103,82,
8104,82,
8105,82,
8106,82,
8107,82,
8108,82,
8109,82,
8110,82,
8111,82,
8112,82,
8113,82,
8114,82,
8115,84,
8116,84,
8117,84,
8118,84,
8119,84,
8120,84,
8121,84,
8122,84,
8123,84,
8124,84,
8125,84,
8126,84,
8127,84,
8128,84,
8129,84,
8130,85,
8131,85,
8132,85,
8133,85,
8134,85,
8135,85,
8136,85,
8137,85,
8138,85,
8139,85,
8140,85,
8141,85,
8142,85,
8143,85,
8144,85,
8145,84,
8146,84,
8147,84,
8148,84,
8149,84,
8150,84,
8151,84,
8152,84,
8153,84,
8154,84,
8155,84,
8156,84,
8157,84,
8158,84,
8159,84,
8160,80,
8161,80,
8162,80,
8163,80,
8164,80,
8165,80,
8166,80,
8167,80,
8168,80,
8169,80,
8170,80,
8171,80,
8172,80,
8173,80,
8174,80,
8175,81,
8176,81,
8177,81,
8178,81,
8179,81,
8180,81,
8181,81,
8182,81,
8183,81,
8184,81,
8185,81,
8186,81,
8187,81,
8188,81,
8189,81,
8190,81,
8191,81,
8192,81,
8193,81,
8194,81,
8195,81,
8196,81,
8197,81,
8198,81,
8199,81,
8200,81,
8201,81,
8202,81,
8203,81,
8204,81,
8205,79,
8206,79,
8207,79,
8208,79,
8209,79,
8210,79,
8211,79,
8212,79,
8213,79,
8214,79,
8215,79,
8216,79,
8217,79,
8218,79,
8219,79,
8220,80,
8221,80,
8222,80,
8223,80,
8224,80,
8225,80,
8226,80,
8227,80,
8228,80,
8229,80,
8230,80,
8231,80,
8232,80,
8233,80,
8234,80,
8235,83,
8236,83,
8237,83,
8238,83,
8239,83,
8240,83,
8241,83,
8242,83,
8243,83,
8244,83,
8245,83,
8246,83,
8247,83,
8248,83,
8249,83,
8250,85,
8251,85,
8252,85,
8253,85,
8254,85,
8255,85,
8256,85,
8257,85,
8258,85,
8259,85,
8260,85,
8261,85,
8262,85,
8263,85,
8264,85,
8265,88,
8266,88,
8267,88,
8268,88,
8269,88,
8270,88,
8271,88,
8272,88,
8273,88,
8274,88,
8275,88,
8276,88,
8277,88,
8278,88,
8279,88,
8280,90,
8281,90,
8282,90,
8283,90,
8284,90,
8285,90,
8286,90,
8287,90,
8288,90,
8289,90,
8290,90,
8291,90,
8292,90,
8293,90,
8294,90,
8295,92,
8296,92,
8297,92,
8298,92,
8299,92,
8300,92,
8301,92,
8302,92,
8303,92,
8304,92,
8305,92,
8306,92,
8307,92,
8308,92,
8309,92,
8310,95,
8311,95,
8312,95,
8313,95,
8314,95,
8315,95,
8316,95,
8317,95,
8318,95,
8319,95,
8320,95,
8321,95,
8322,95,
8323,95,
8324,95,
8325,96,
8326,96,
8327,96,
8328,96,
8329,96,
8330,96,
8331,96,
8332,96,
8333,96,
8334,96,
8335,96,
8336,96,
8337,96,
8338,96,
8339,96,
8340,99,
8341,99,
8342,99,
8343,99,
8344,99,
8345,99,
8346,99,
8347,99,
8348,99,
8349,99,
8350,99,
8351,99,
8352,99,
8353,99,
8354,99,
8355,100,
8356,100,
8357,100,
8358,100,
8359,100,
8360,100,
8361,100,
8362,100,
8363,100,
8364,100,
8365,100,
8366,100,
8367,100,
8368,100,
8369,100,
8370,102,
8371,102,
8372,102,
8373,102,
8374,102,
8375,102,
8376,102,
8377,102,
8378,102,
8379,102,
8380,102,
8381,102,
8382,102,
8383,102,
8384,102,
8385,100,
8386,100,
8387,100,
8388,100,
8389,100,
8390,100,
8391,100,
8392,100,
8393,100,
8394,100,
8395,100,
8396,100,
8397,100,
8398,100,
8399,100,
8400,99,
8401,99,
8402,99,
8403,99,
8404,99,
8405,99,
8406,99,
8407,99,
8408,99,
8409,99,
8410,99,
8411,99,
8412,99,
8413,99,
8414,99,
8415,97,
8416,97,
8417,97,
8418,97,
8419,97,
8420,97,
8421,97,
8422,97,
8423,97,
8424,97,
8425,97,
8426,97,
8427,97,
8428,97,
8429,97,
8430,96,
8431,96,
8432,96,
8433,96,
8434,96,
8435,96,
8436,96,
8437,96,
8438,96,
8439,96,
8440,96,
8441,96,
8442,96,
8443,96,
8444,96,
8445,96,
8446,96,
8447,96,
8448,96,
8449,96,
8450,96,
8451,96,
8452,96,
8453,96,
8454,96,
8455,96,
8456,96,
8457,96,
8458,96,
8459,96,
8460,94,
8461,94,
8462,94,
8463,94,
8464,94,
8465,94,
8466,94,
8467,94,
8468,94,
8469,94,
8470,94,
8471,94,
8472,94,
8473,94,
8474,94,
8475,96,
8476,96,
8477,96,
8478,96,
8479,96,
8480,96,
8481,96,
8482,96,
8483,96,
8484,96,
8485,96,
8486,96,
8487,96,
8488,96,
8489,96,
8490,93,
8491,93,
8492,93,
8493,93,
8494,93,
8495,93,
8496,93,
8497,93,
8498,93,
