yaw,pitch,roll
11,-15,3
12,-14,1
10,-13,2
10,-13,2
10,-12,2
10,-13,3
12,-14,2
11,-13,2
11,-13,2
11,-13,2
10,-13,2
10,-13,2
10,-14,3
11,-13,2
11,-13,1
11,-13,1
10,-13,2
12,-13,1
11,-13,2
11,-14,2
10,-13,3
10,-13,3
8,-13,4
8,-13,4
8,-13,4
7,-12,5
8,-12,4
7,-12,4
7,-12,5
7,-12,4
6,-12,5
6,-12,5
6,-12,5
6,-12,5
6,-12,5
5,-12,6
5,-12,7
8,-13,5
7,-12,5
7,-12,4
7,-11,4
8,-12,4
7,-12,5
8,-12,4
8,-12,3
9,-11,2
12,-11,-1
13,-10,-3
13,-8,-5
14,-8,-6
18,-9,-9
19,-8,-11
20,-10,-11
22,-9,-13
22,-9,-14
24,-11,-14
25,-11,-14
25,-11,-15
22,-10,-13
24,-10,-15
23,-11,-13
22,-11,-12
22,-11,-12
22,-10,-12
22,-11,-12
22,-11,-12
23,-11,-12
22,-11,-11
22,-11,-11
23,-11,-12
23,-11,-13
24,-11,-14
24,-11,-14
25,-11,-14
26,-11,-15
26,-12,-15
27,-12,-15
26,-12,-15
27,-13,-15
26,-12,-15
27,-12,-16
27,-12,-16
27,-12,-16
27,-12,-15
26,-12,-14
26,-13,-13
25,-13,-12
25,-13,-12
23,-13,-11
24,-13,-11
24,-13,-11
24,-13,-12
24,-14,-11
25,-13,-12
24,-13,-11
26,-14,-12
26,-15,-11
25,-14,-11
25,-14,-11
24,-14,-11
25,-14,-11
26,-14,-12
26,-15,-12
26,-15,-12
26,-14,-12
24,-14,-11
23,-14,-10
22,-14,-9
24,-14,-10
22,-14,-9
23,-14,-9
22,-14,-9
22,-13,-9
21,-13,-9
20,-13,-7
20,-14,-6
21,-15,-7
21,-16,-6
21,-16,-5
20,-16,-5
20,-16,-4
20,-15,-5
21,-16,-6
21,-15,-6
20,-15,-5
19,-15,-4
18,-14,-5
19,-16,-4
20,-16,-5
20,-16,-5
20,-15,-5
19,-15,-4
19,-15,-5
19,-16,-3
18,-15,-3
19,-15,-4
18,-15,-4
18,-15,-4
18,-15,-4
19,-15,-4
19,-15,-4
19,-15,-5
18,-15,-4
18,-15,-4
19,-15,-5
20,-15,-5
21,-16,-5
20,-15,-5
20,-15,-6
20,-15,-5
20,-15,-6
21,-15,-6
21,-15,-6
21,-15,-6
21,-15,-6
22,-16,-6
21,-16,-6
21,-16,-6
21,-16,-6
22,-16,-6
22,-17,-6
22,-16,-6
22,-17,-6
23,-17,-6
22,-17,-6
23,-17,-6
22,-17,-5
23,-17,-6
22,-17,-5
23,-17,-6
22,-17,-6
22,-17,-6
22,-17,-6
23,-17,-6
22,-16,-7
23,-17,-6
23,-16,-7
22,-17,-6
23,-17,-6
24,-16,-8
24,-17,-8
24,-16,-8
23,-16,-7
24,-16,-8
24,-16,-8
24,-16,-9
25,-17,-9
25,-17,-9
26,-17,-10
26,-17,-9
26,-17,-10
26,-17,-10
26,-17,-10
26,-17,-9
25,-17,-9
25,-16,-9
25,-17,-8
25,-16,-9
26,-17,-10
26,-16,-11
26,-15,-11
25,-15,-11
26,-15,-12
27,-15,-12
27,-16,-12
28,-16,-13
28,-15,-14
29,-15,-14
30,-15,-15
30,-15,-16
29,-15,-14
30,-16,-14
30,-16,-14
30,-16,-14
30,-17,-14
30,-16,-14
30,-16,-14
29,-16,-14
29,-16,-13
29,-15,-14
28,-16,-12
27,-15,-13
27,-16,-12
27,-16,-12
27,-16,-11
26,-16,-11
26,-15,-11
24,-14,-10
25,-15,-10
24,-15,-10
24,-15,-10
24,-15,-9
24,-14,-10
23,-14,-9
23,-14,-10
22,-13,-10
23,-13,-10
23,-14,-10
23,-14,-10
24,-14,-10
24,-14,-11
25,-14,-11
25,-14,-11
26,-14,-13
26,-15,-12
27,-15,-13
28,-15,-14
29,-15,-14
28,-15,-14
28,-15,-14
29,-15,-14
28,-15,-14
29,-14,-15
26,-14,-13
28,-14,-14
27,-15,-13
27,-15,-13
27,-16,-12
27,-16,-12
27,-16,-12
28,-16,-13
27,-15,-13
29,-16,-13
29,-15,-14
29,-15,-14
28,-15,-14
27,-15,-13
28,-15,-13
28,-15,-13
27,-15,-13
28,-15,-13
28,-15,-13
28,-15,-13
27,-15,-13
28,-15,-13
28,-16,-13
28,-16,-13
28,-16,-12
27,-16,-11
27,-15,-13
25,-15,-11
26,-14,-12
25,-14,-12
26,-13,-14
26,-12,-15
25,-12,-14
26,-12,-14
26,-12,-15
26,-12,-15
26,-11,-16
28,-11,-17
28,-11,-17
29,-11,-18
30,-12,-19
30,-12,-19
31,-12,-20
31,-12,-19
32,-13,-20
32,-12,-20
31,-13,-19
30,-13,-18
29,-13,-17
28,-14,-15
29,-14,-15
29,-15,-14
30,-15,-15
30,-16,-15
29,-16,-14
29,-17,-12
28,-16,-13
28,-17,-12
27,-17,-11
27,-16,-11
27,-17,-11
27,-17,-10
28,-18,-11
29,-18,-11
29,-18,-11
28,-18,-11
28,-18,-10
28,-18,-10
28,-18,-10
28,-18,-10
28,-18,-11
28,-18,-10
27,-18,-9
28,-18,-11
29,-18,-12
30,-18,-12
30,-18,-13
32,-18,-14
32,-18,-15
33,-18,-15
33,-18,-16
33,-18,-16
34,-18,-16
34,-18,-16
34,-19,-16
34,-19,-16
34,-19,-16
34,-18,-16
35,-18,-17
35,-18,-18
35,-19,-17
34,-18,-16
34,-18,-16
34,-19,-16
35,-18,-18
35,-19,-17
34,-18,-17
34,-18,-17
33,-18,-16
34,-17,-17
34,-18,-17
34,-18,-17
34,-18,-17
33,-18,-16
34,-18,-17
33,-19,-15
32,-18,-15
33,-18,-15
32,-18,-15
32,-18,-14
31,-17,-14
31,-18,-13
30,-18,-13
29,-17,-12
30,-17,-14
27,-16,-11
28,-17,-11
28,-17,-11
26,-17,-10
26,-16,-10
27,-17,-10
27,-17,-10
25,-17,-9
25,-17,-9
24,-16,-8
24,-18,-7
25,-18,-7
23,-17,-6
24,-18,-6
23,-18,-6
23,-18,-5
23,-19,-4
22,-19,-4
21,-19,-3
21,-18,-4
21,-19,-3
21,-19,-3
21,-18,-4
22,-18,-5
23,-18,-6
23,-18,-5
23,-18,-6
23,-17,-7
23,-18,-6
23,-18,-5
25,-19,-6
24,-20,-5
25,-20,-5
24,-19,-5
25,-19,-6
24,-19,-6
25,-19,-6
24,-19,-6
25,-19,-6
25,-19,-6
23,-19,-5
23,-19,-5
23,-19,-5
23,-18,-6
23,-18,-5
23,-18,-6
22,-18,-5
22,-17,-5
21,-17,-5
22,-17,-5
22,-17,-5
21,-17,-5
21,-17,-4
22,-17,-5
22,-18,-5
22,-18,-4
22,-18,-5
22,-18,-5
23,-18,-6
24,-19,-6
25,-18,-7
27,-19,-9
29,-19,-11
29,-18,-12
29,-19,-11
30,-19,-11
31,-19,-12
32,-19,-13
31,-19,-13
30,-18,-12
30,-18,-12
29,-19,-11
27,-19,-8
27,-18,-10
26,-19,-8
27,-18,-10
27,-18,-10
28,-19,-10
27,-18,-10
28,-18,-11
27,-18,-10
28,-18,-11
26,-19,-8
28,-19,-10
27,-18,-9
27,-18,-10
28,-18,-11
28,-18,-10
28,-18,-10
27,-19,-9
25,-18,-8
26,-18,-9
26,-18,-9
27,-18,-9
25,-17,-8
24,-17,-8
25,-18,-8
25,-18,-7
25,-18,-7
26,-18,-8
25,-18,-7
26,-18,-9
27,-18,-9
26,-19,-8
26,-18,-9
26,-19,-8
25,-18,-8
26,-19,-8
25,-18,-8
26,-18,-8
25,-17,-8
25,-18,-8
26,-18,-8
26,-18,-8
26,-18,-9
27,-18,-9
26,-18,-9
26,-18,-9
26,-18,-9
26,-18,-9
26,-18,-8
26,-17,-9
25,-17,-8
24,-17,-8
25,-17,-8
24,-17,-8
25,-17,-8
25,-17,-9
26,-18,-9
26,-18,-8
26,-18,-9
26,-18,-9
27,-18,-10
27,-18,-10
27,-18,-9
27,-18,-9
26,-18,-9
27,-18,-9
25,-18,-8
27,-17,-10
26,-18,-9
26,-17,-9
26,-18,-9
27,-18,-9
27,-18,-10
27,-18,-9
27,-18,-10
26,-18,-9
26,-18,-8
26,-17,-9
25,-17,-9
26,-17,-9
26,-17,-9
26,-17,-10
26,-17,-9
26,-17,-9
27,-17,-10
28,-17,-11
29,-18,-12
29,-18,-12
30,-18,-13
29,-18,-12
29,-18,-12
30,-18,-12
29,-18,-12
29,-17,-12
29,-18,-12
30,-18,-13
31,-18,-13
29,-18,-12
30,-18,-13
30,-17,-13
30,-17,-13
30,-18,-12
29,-18,-11
29,-17,-12
28,-18,-11
29,-18,-12
29,-18,-12
30,-19,-12
30,-19,-11
30,-19,-12
30,-18,-12
30,-18,-12
29,-18,-11
29,-18,-12
29,-17,-12
29,-17,-13
28,-18,-11
30,-17,-14
30,-17,-13
31,-17,-14
32,-18,-15
32,-17,-15
33,-17,-17
35,-17,-18
36,-18,-19
35,-18,-18
35,-17,-18
36,-17,-20
37,-18,-19
37,-18,-19
37,-18,-20
38,-19,-20
38,-18,-20
38,-18,-20
38,-19,-19
39,-19,-20
39,-19,-21
40,-19,-21
41,-19,-22
41,-20,-21
40,-20,-21
41,-19,-22
40,-20,-21
40,-19,-21
41,-20,-22
41,-20,-21
41,-21,-21
40,-20,-20
40,-20,-20
40,-20,-20
39,-20,-19
39,-20,-20
38,-20,-19
38,-20,-19
38,-20,-19
38,-20,-18
38,-21,-18
37,-21,-17
36,-20,-17
36,-20,-17
36,-20,-17
35,-19,-17
34,-19,-16
34,-20,-14
31,-20,-11
29,-21,-9
29,-21,-9
29,-20,-9
29,-20,-9
29,-20,-9
30,-20,-10
30,-20,-10
30,-20,-11
32,-21,-11
32,-21,-11
32,-21,-12
30,-20,-10
31,-20,-11
31,-20,-11
30,-20,-10
30,-21,-9
30,-21,-9
31,-21,-10
30,-21,-10
30,-21,-10
30,-21,-9
28,-20,-8
28,-20,-8
25,-19,-7
26,-19,-7
25,-19,-6
25,-19,-6
25,-19,-6
25,-19,-6
24,-18,-6
24,-19,-6
24,-19,-6
25,-19,-6
25,-19,-6
26,-19,-7
26,-19,-7
27,-19,-8
26,-19,-8
27,-19,-9
27,-19,-8
29,-19,-10
30,-19,-11
31,-19,-13
31,-19,-12
31,-19,-13
32,-19,-13
32,-20,-13
32,-19,-13
31,-19,-13
32,-19,-14
31,-19,-12
30,-19,-12
32,-19,-13
32,-20,-13
31,-19,-13
30,-20,-11
29,-21,-9
27,-21,-7
26,-21,-6
26,-22,-4
24,-23,-1
22,-24,2
20,-25,4
20,-25,4
20,-24,4
20,-24,3
21,-24,3
21,-24,2
21,-23,2
22,-23,0
23,-22,-2
23,-21,-3
23,-22,-2
23,-21,-3
23,-21,-3
22,-21,-2
22,-21,-2
21,-20,-2
21,-20,-2
20,-19,-2
20,-19,-1
19,-19,-1
20,-19,-1
19,-19,0
19,-19,0
20,-20,0
19,-19,0
19,-19,0
19,-20,0
20,-20,0
20,-21,0
21,-21,-1
20,-20,-1
21,-21,-1
21,-21,-1
21,-20,-2
21,-20,-1
21,-20,-2
22,-20,-2
25,-21,-4
27,-22,-5
21,-22,0
21,-22,0
19,-21,2
21,-21,0
21,-22,1
19,-21,1
20,-22,1
20,-22,1
21,-22,1
21,-22,1
20,-22,1
21,-21,0
20,-21,0
21,-21,0
23,-22,-2
22,-22,0
23,-22,-1
22,-23,0
23,-22,-1
22,-22,0
22,-22,0
22,-22,0
22,-22,0
23,-22,-1
22,-23,1
22,-23,0
23,-23,0
23,-23,-1
23,-22,-1
23,-22,-1
23,-22,-1
24,-22,-2
23,-22,-2
23,-22,-2
24,-22,-2
24,-23,-2
24,-23,-2
23,-22,-2
23,-23,-1
23,-22,-1
24,-22,-2
24,-22,-3
24,-22,-2
24,-22,-3
24,-22,-3
25,-22,-3
23,-21,-2
24,-21,-3
23,-21,-3
22,-21,-1
23,-22,-2
24,-21,-3
22,-21,-1
22,-21,-2
22,-20,-2
21,-20,-2
20,-21,0
20,-21,0
21,-20,-1
20,-20,0
19,-20,1
20,-20,0
20,-20,-1
21,-21,0
20,-21,0
19,-20,1
20,-21,0
20,-21,1
22,-21,-1
21,-21,-1
22,-21,-2
22,-21,-1
21,-20,-2
21,-20,-2
19,-20,0
20,-20,-1
19,-20,0
19,-21,2
17,-21,4
16,-21,4
18,-21,2
17,-20,3
17,-20,3
17,-20,3
17,-20,3
18,-20,2
18,-20,2
17,-19,2
19,-20,0
20,-19,-1
19,-19,0
19,-19,-1
20,-19,-1
19,-19,-1
19,-19,-1
20,-19,-1
20,-19,-2
21,-19,-3
22,-19,-4
23,-19,-5
24,-19,-6
24,-19,-5
23,-18,-5
24,-19,-5
24,-19,-6
24,-19,-6
24,-19,-6
22,-19,-4
23,-19,-5
23,-19,-4
23,-19,-4
23,-19,-4
24,-19,-5
23,-19,-5
22,-19,-4
23,-19,-4
22,-19,-3
23,-19,-4
23,-19,-4
24,-19,-5
22,-19,-3
21,-19,-3
21,-18,-3
20,-19,-2
19,-19,-1
19,-19,-1
19,-19,-1
19,-19,-1
19,-19,-1
20,-19,-2
19,-18,-1
20,-19,-2
20,-19,-2
21,-19,-3
21,-18,-3
22,-19,-4
21,-18,-4
21,-19,-3
22,-19,-4
21,-19,-2
21,-19,-2
20,-20,-1
20,-20,0
19,-20,1
21,-21,-1
21,-21,-1
21,-21,-1
21,-20,-1
21,-21,-1
21,-21,-1
20,-20,-1
21,-20,-1
21,-20,-1
21,-20,-1
19,-21,1
19,-20,1
19,-20,1
18,-20,1
18,-20,1
20,-21,1
19,-20,1
20,-21,1
19,-21,1
20,-20,0
20,-20,0
19,-19,0
18,-20,1
19,-19,0
18,-19,1
18,-19,1
18,-19,0
18,-19,1
18,-19,0
18,-19,0
18,-18,0
17,-19,2
18,-19,1
18,-19,0
19,-19,0
19,-19,0
19,-19,0
20,-19,-2
21,-18,-3
21,-18,-4
21,-18,-4
21,-17,-4
21,-17,-4
22,-17,-5
23,-18,-6
25,-18,-8
26,-17,-10
29,-18,-12
29,-17,-13
29,-17,-12
30,-18,-13
29,-18,-12
29,-17,-13
29,-17,-12
28,-18,-11
28,-17,-11
28,-18,-11
28,-17,-11
28,-18,-11
29,-17,-12
29,-17,-13
29,-17,-13
29,-17,-13
30,-17,-13
29,-17,-12
30,-18,-13
31,-18,-14
31,-18,-13
30,-19,-12
29,-19,-10
28,-19,-10
27,-19,-9
26,-19,-7
24,-19,-6
23,-19,-4
23,-19,-4
23,-19,-4
23,-19,-4
22,-19,-3
22,-19,-3
22,-18,-4
22,-18,-5
24,-19,-5
24,-19,-5
25,-19,-6
25,-19,-7
27,-19,-9
29,-19,-11
32,-19,-13
32,-20,-13
32,-20,-13
33,-20,-13
32,-20,-12
31,-21,-10
31,-20,-12
31,-20,-11
31,-19,-13
32,-19,-14
31,-19,-13
30,-18,-13
31,-19,-12
29,-18,-11
28,-19,-10
29,-18,-11
28,-19,-10
29,-18,-12
29,-18,-11
30,-18,-12
30,-18,-13
29,-17,-12
29,-17,-13
29,-18,-12
30,-18,-12
30,-18,-13
31,-19,-13
31,-18,-13
31,-18,-14
31,-18,-13
32,-19,-13
32,-19,-14
32,-18,-15
31,-18,-14
31,-18,-14
31,-18,-14
32,-18,-14
32,-19,-14
32,-19,-14
31,-19,-12
31,-20,-11
30,-19,-11
28,-19,-9
28,-20,-9
28,-20,-9
28,-19,-9
28,-19,-9
27,-19,-9
27,-19,-8
27,-19,-8
26,-20,-7
26,-20,-7
27,-20,-7
28,-20,-9
30,-20,-10
30,-20,-11
30,-20,-11
30,-18,-12
31,-19,-12
30,-19,-12
31,-19,-13
30,-18,-12
30,-18,-12
31,-18,-14
32,-19,-14
31,-19,-13
32,-19,-14
31,-18,-13
31,-18,-13
30,-18,-13
30,-19,-12
30,-19,-12
30,-18,-12
30,-19,-11
29,-19,-11
29,-19,-11
29,-18,-11
29,-18,-11
29,-19,-11
29,-19,-11
30,-20,-11
30,-19,-11
29,-19,-10
30,-19,-12
31,-19,-12
30,-19,-11
30,-19,-12
30,-19,-12
31,-19,-13
29,-19,-11
32,-20,-12
32,-19,-13
31,-20,-11
30,-20,-11
30,-20,-11
30,-19,-11
31,-19,-12
31,-19,-12
31,-19,-13
30,-19,-12
30,-19,-12
30,-19,-12
31,-19,-13
32,-19,-14
34,-19,-15
35,-19,-17
35,-19,-17
38,-19,-19
39,-19,-20
40,-20,-21
42,-20,-22
43,-20,-23
44,-20,-24
44,-20,-25
44,-19,-26
45,-20,-25
44,-20,-25
45,-20,-25
44,-20,-25
44,-19,-25
44,-20,-25
43,-20,-24
43,-20,-23
42,-20,-23
42,-20,-22
41,-21,-21
38,-21,-18
35,-20,-16
33,-19,-14
32,-19,-13
32,-19,-13
31,-19,-13
32,-19,-13
30,-18,-12
30,-18,-12
27,-18,-10
28,-19,-10
28,-19,-10
27,-19,-9
25,-18,-7
24,-18,-7
24,-18,-7
24,-17,-8
23,-16,-7
23,-17,-7
23,-17,-7
23,-17,-7
22,-16,-7
23,-17,-7
25,-18,-7
26,-18,-9
26,-18,-9
28,-19,-9
29,-19,-11
28,-17,-11
29,-17,-12
29,-18,-12
30,-17,-13
29,-17,-13
29,-17,-13
31,-16,-15
32,-17,-15
32,-17,-16
31,-17,-14
31,-17,-15
31,-17,-15
31,-18,-14
30,-17,-13
29,-17,-13
28,-17,-11
29,-17,-12
30,-18,-12
28,-19,-10
28,-18,-10
28,-19,-10
26,-18,-8
25,-18,-7
24,-19,-6
22,-19,-3
21,-19,-3
19,-18,-1
19,-18,-1
16,-18,1
17,-18,0
17,-17,0
18,-18,-1
19,-18,-2
18,-17,-1
18,-17,-2
19,-17,-3
19,-18,-2
19,-17,-2
20,-18,-3
22,-18,-5
22,-18,-5
23,-17,-6
25,-17,-9
26,-17,-9
26,-17,-10
27,-16,-11
29,-17,-12
27,-17,-10
28,-17,-12
28,-17,-12
28,-17,-11
29,-18,-11
29,-19,-11
27,-19,-9
26,-19,-7
25,-18,-8
23,-19,-5
24,-19,-5
22,-18,-5
22,-18,-5
22,-17,-5
21,-17,-4
22,-18,-5
24,-18,-7
24,-18,-7
25,-18,-8
27,-18,-9
27,-18,-10
29,-18,-11
28,-18,-10
29,-18,-11
27,-18,-10
27,-18,-10
26,-18,-9
26,-18,-8
26,-18,-8
25,-18,-7
24,-17,-8
25,-17,-9
25,-17,-8
25,-17,-8
26,-17,-10
26,-17,-10
27,-17,-10
26,-18,-9
26,-18,-8
25,-18,-7
23,-18,-6
23,-18,-5
25,-18,-8
26,-18,-9
27,-19,-8
26,-18,-9
27,-18,-9
26,-18,-9
26,-19,-8
26,-19,-8
27,-18,-9
27,-18,-9
28,-18,-10
29,-18,-11
28,-18,-10
26,-17,-9
26,-17,-9
27,-17,-11
28,-17,-12
29,-17,-13
30,-17,-14
31,-17,-14
30,-16,-15
32,-19,-14
33,-17,-16
33,-18,-16
34,-18,-16
34,-18,-17
35,-17,-18
35,-19,-17
35,-19,-16
34,-19,-16
34,-18,-16
32,-19,-14
32,-19,-14
30,-19,-12
27,-18,-9
27,-17,-10
25,-17,-8
26,-18,-8
26,-19,-8
25,-19,-7
25,-18,-7
24,-18,-6
21,-17,-4
21,-18,-4
21,-17,-4
21,-18,-3
21,-18,-3
21,-18,-3
21,-18,-3
21,-18,-4
22,-18,-5
22,-18,-5
22,-18,-4
22,-17,-5
22,-18,-4
21,-17,-4
21,-17,-5
21,-17,-4
22,-17,-5
22,-17,-5
22,-17,-6
23,-17,-7
23,-17,-7
24,-17,-7
24,-17,-7
24,-18,-7
24,-17,-8
25,-17,-8
25,-16,-9
25,-17,-8
25,-16,-9
26,-17,-9
25,-17,-9
26,-17,-9
27,-17,-11
27,-17,-11
28,-17,-11
28,-17,-11
28,-17,-11
30,-18,-13
31,-17,-14
32,-17,-15
34,-18,-16
34,-19,-16
35,-18,-17
34,-18,-17
35,-18,-17
34,-18,-17
34,-18,-17
34,-18,-17
34,-17,-17
34,-17,-17
34,-19,-16
33,-17,-17
33,-18,-16
33,-18,-15
32,-18,-14
31,-19,-12
30,-19,-12
29,-19,-11
28,-18,-10
27,-18,-9
27,-19,-9
28,-19,-10
31,-20,-12
30,-19,-12
30,-19,-12
30,-18,-13
31,-18,-13
30,-18,-13
30,-18,-13
32,-18,-15
31,-18,-14
31,-18,-14
31,-18,-14
32,-18,-14
30,-18,-13
30,-18,-13
30,-18,-12
29,-17,-13
30,-18,-13
30,-18,-12
31,-17,-14
31,-18,-14
32,-19,-14
31,-19,-12
32,-18,-14
32,-19,-14
32,-19,-13
31,-18,-13
31,-18,-13
30,-18,-13
30,-16,-14
32,-17,-15
32,-16,-17
34,-17,-17
35,-18,-17
35,-18,-17
34,-17,-18
34,-17,-18
33,-17,-17
32,-17,-15
32,-17,-15
31,-17,-15
30,-16,-14
31,-17,-14
30,-16,-14
29,-16,-14
28,-16,-13
28,-17,-11
30,-18,-12
29,-17,-13
29,-16,-13
30,-17,-14
30,-16,-14
31,-17,-15
32,-17,-15
31,-17,-14
32,-17,-15
32,-18,-14
31,-19,-13
31,-19,-12
30,-18,-12
28,-18,-10
28,-17,-11
27,-18,-10
27,-18,-10
28,-19,-10
27,-18,-10
26,-17,-9
28,-17,-11
27,-17,-10
27,-16,-11
27,-17,-11
26,-16,-10
27,-16,-11
26,-17,-10
25,-16,-9
26,-16,-10
26,-16,-10
26,-16,-11
26,-15,-11
26,-16,-10
25,-15,-11
25,-16,-10
25,-16,-10
25,-16,-10
24,-16,-9
24,-16,-9
25,-16,-10
25,-15,-10
25,-16,-10
26,-16,-11
26,-16,-10
26,-16,-11
27,-16,-11
27,-16,-11
27,-17,-10
26,-17,-9
26,-17,-10
25,-18,-8
26,-18,-9
26,-17,-9
25,-17,-9
25,-18,-8
25,-18,-8
25,-18,-8
25,-18,-8
24,-17,-7
25,-17,-8
26,-18,-9
25,-18,-8
25,-17,-8
25,-18,-8
25,-17,-8
24,-17,-7
25,-17,-8
24,-18,-7
24,-18,-6
24,-18,-6
22,-18,-5
21,-17,-5
22,-17,-5
22,-17,-5
22,-18,-4
22,-17,-5
22,-17,-5
21,-17,-4
23,-17,-6
24,-17,-8
24,-17,-8
24,-16,-9
26,-17,-9
26,-18,-9
25,-16,-10
25,-17,-9
26,-18,-9
27,-18,-10
29,-18,-12
29,-19,-11
30,-18,-13
30,-19,-12
30,-19,-12
30,-18,-12
29,-17,-12
28,-17,-11
26,-17,-10
28,-18,-10
28,-18,-11
27,-17,-11
26,-17,-10
28,-17,-11
27,-17,-11
28,-17,-12
29,-17,-12
29,-17,-13
28,-16,-12
28,-17,-12
29,-17,-13
28,-17,-12
28,-16,-13
29,-16,-13
28,-16,-12
29,-16,-13
29,-17,-13
29,-17,-13
30,-17,-13
30,-18,-13
29,-16,-13
28,-17,-12
27,-17,-11
28,-17,-12
28,-17,-11
28,-17,-11
28,-17,-12
28,-17,-11
28,-17,-12
29,-16,-14
32,-17,-15
34,-16,-19
35,-16,-19
35,-18,-17
34,-18,-16
35,-19,-16
34,-19,-16
34,-19,-15
34,-19,-15
33,-18,-15
32,-19,-13
30,-19,-11
29,-19,-10
27,-19,-8
25,-18,-7
23,-18,-5
23,-18,-5
22,-18,-5
22,-17,-6
24,-18,-7
25,-17,-8
25,-17,-8
25,-17,-8
26,-16,-11
24,-16,-8
26,-16,-10
24,-16,-9
26,-16,-10
24,-16,-8
25,-16,-9
25,-16,-9
25,-16,-10
24,-16,-9
24,-17,-8
24,-16,-9
24,-16,-8
24,-16,-8
24,-16,-9
25,-17,-9
25,-17,-8
25,-17,-8
25,-17,-8
24,-17,-8
24,-17,-8
25,-18,-7
24,-17,-8
23,-17,-7
24,-17,-8
24,-17,-8
24,-16,-8
25,-17,-8
24,-17,-7
23,-17,-7
24,-17,-7
24,-17,-7
24,-17,-7
24,-17,-8
24,-16,-8
24,-17,-8
24,-16,-8
25,-16,-9
26,-17,-9
26,-17,-10
29,-17,-12
29,-18,-11
28,-18,-10
27,-18,-9
26,-15,-11
27,-12,-15
27,-10,-18
27,-10,-17
26,-11,-15
24,-12,-13
24,-12,-12
24,-11,-13
23,-10,-14
25,-10,-16
25,-9,-16
24,-12,-12
23,-14,-10
23,-14,-9
22,-16,-7
22,-17,-5
23,-18,-5
24,-18,-6
24,-17,-8
25,-17,-9
25,-17,-9
26,-17,-9
26,-18,-9
26,-18,-9
25,-18,-8
25,-17,-8
25,-18,-8
25,-17,-8
24,-16,-9
26,-17,-10
26,-17,-10
26,-18,-9
25,-17,-9
26,-18,-9
26,-17,-9
26,-17,-9
27,-18,-10
26,-18,-9
26,-17,-9
26,-18,-8
25,-18,-7
25,-17,-8
25,-17,-9
25,-17,-9
26,-16,-10
25,-16,-9
25,-17,-9
25,-17,-8
26,-17,-9
26,-17,-9
26,-17,-9
27,-17,-10
27,-17,-10
27,-17,-10
28,-18,-11
27,-18,-9
27,-19,-8
25,-19,-6
25,-19,-6
25,-20,-6
25,-19,-6
26,-18,-9
25,-18,-8
27,-19,-9
26,-18,-9
27,-19,-9
27,-18,-9
27,-19,-8
28,-19,-10
29,-18,-11
29,-18,-12
29,-17,-12
29,-16,-13
30,-17,-14
30,-16,-14
30,-16,-14
30,-16,-14
30,-16,-14
30,-16,-14
30,-17,-13
29,-18,-11
30,-18,-12
31,-19,-13
30,-17,-13
29,-17,-13
28,-15,-13
29,-14,-15
30,-14,-16
30,-15,-16
31,-16,-15
30,-16,-15
29,-16,-14
29,-13,-16
27,-14,-13
27,-15,-13
29,-16,-14
28,-15,-14
29,-15,-15
29,-15,-15
29,-14,-15
29,-15,-15
30,-15,-16
31,-16,-15
31,-16,-15
31,-17,-15
30,-16,-15
29,-16,-14
29,-16,-14
29,-16,-13
29,-16,-14
28,-16,-12
28,-16,-12
27,-16,-11
27,-17,-11
26,-17,-10
28,-18,-11
28,-17,-11
28,-17,-12
28,-17,-11
27,-17,-10
28,-16,-12
28,-16,-12
27,-16,-11
26,-16,-11
26,-16,-10
27,-16,-11
28,-17,-11
27,-16,-11
27,-17,-10
26,-17,-10
27,-17,-10
26,-18,-9
26,-18,-9
25,-18,-8
24,-17,-8
25,-18,-8
24,-17,-8
24,-18,-7
23,-17,-6
22,-17,-5
22,-19,-4
22,-19,-4
23,-19,-4
24,-20,-4
23,-19,-4
23,-19,-4
21,-19,-3
21,-20,-1
21,-19,-2
20,-19,-1
20,-19,-2
19,-19,-1
20,-19,-1
19,-18,-1
20,-19,-2
20,-19,-2
20,-19,-1
20,-19,-2
20,-19,-2
20,-19,-1
19,-19,0
19,-19,-1
20,-19,-1
19,-19,-1
19,-19,-1
19,-19,-1
19,-18,-1
19,-19,0
20,-19,-1
21,-20,-2
21,-20,-1
20,-20,-1
20,-20,-1
20,-19,-1
20,-19,-2
20,-19,-1
21,-18,-4
22,-19,-3
21,-19,-3
21,-18,-3
21,-19,-2
21,-17,-4
20,-18,-2
21,-18,-4
21,-18,-4
20,-18,-2
22,-19,-4
22,-19,-4
22,-18,-5
22,-19,-4
22,-18,-4
21,-19,-3
22,-18,-4
23,-19,-5
24,-19,-5
24,-18,-6
23,-18,-5
23,-18,-6
24,-18,-6
24,-18,-6
24,-19,-6
24,-18,-6
24,-19,-6
24,-19,-6
25,-19,-6
24,-19,-6
24,-18,-6
23,-18,-6
23,-18,-6
23,-18,-6
23,-18,-6
23,-18,-6
23,-17,-6
24,-17,-7
24,-17,-7
24,-17,-7
24,-17,-7
24,-17,-7
24,-17,-7
24,-17,-7
23,-17,-6
23,-17,-7
23,-18,-6
23,-17,-6
23,-17,-6
24,-17,-7
24,-18,-7
23,-18,-6
23,-18,-6
23,-18,-5
22,-17,-5
23,-18,-6
22,-17,-5
22,-17,-5
22,-17,-6
22,-17,-6
22,-17,-6
23,-17,-6
23,-17,-6
23,-18,-6
23,-17,-6
23,-18,-6
22,-17,-5
22,-18,-5
23,-17,-6
23,-18,-6
23,-17,-6
23,-18,-5
22,-17,-6
22,-17,-5
22,-17,-6
22,-18,-5
22,-17,-5
22,-17,-5
22,-17,-5
22,-17,-5
22,-17,-5
22,-17,-6
22,-17,-6
21,-17,-5
22,-17,-6
22,-17,-6
22,-17,-6
21,-16,-5
22,-17,-5
20,-18,-3
17,-18,0
18,-17,-1
19,-8,-11
17,-7,-11
17,-7,-10
17,-8,-10
17,-8,-9
17,-8,-9
17,-8,-9
18,-9,-9
17,-9,-9
17,-11,-7
17,-10,-7
18,-12,-6
18,-12,-7
17,-10,-8
17,-11,-7
18,-11,-8
17,-11,-7
18,-10,-8
18,-11,-8
19,-11,-9
20,-12,-9
22,-12,-10
22,-12,-11
23,-11,-12
23,-12,-11
24,-13,-12
25,-13,-13
25,-13,-12
25,-13,-12
25,-13,-12
26,-13,-13
25,-13,-13
24,-13,-12
24,-13,-12
24,-14,-10
23,-13,-11
23,-13,-10
24,-13,-11
22,-13,-10
24,-13,-11
23,-13,-10
23,-13,-10
23,-14,-9
22,-13,-10
23,-13,-10
22,-13,-10
23,-12,-11
23,-12,-11
23,-12,-11
23,-12,-11
24,-12,-12
24,-13,-11
23,-13,-10
22,-12,-10
21,-12,-9
21,-13,-9
22,-13,-10
22,-13,-10
23,-13,-10
23,-13,-11
23,-13,-10
22,-12,-10
22,-12,-10
23,-13,-10
22,-12,-11
22,-12,-10
21,-13,-9
23,-12,-11
22,-12,-10
22,-12,-10
21,-12,-10
21,-12,-10
21,-12,-10
22,-12,-10
23,-12,-11
22,-13,-10
23,-12,-11
23,-12,-11
24,-12,-12
24,-14,-11
24,-13,-12
24,-13,-11
25,-13,-12
25,-14,-12
25,-13,-12
26,-13,-13
26,-14,-13
26,-13,-13
27,-13,-14
26,-13,-13
26,-12,-14
27,-13,-14
26,-12,-14
26,-13,-14
27,-14,-14
26,-13,-13
27,-13,-14
27,-14,-14
27,-14,-14
27,-14,-14
27,-14,-13
26,-14,-13
26,-13,-14
26,-14,-13
26,-13,-13
25,-13,-13
25,-13,-13
26,-13,-14
27,-13,-14
26,-13,-14
27,-14,-14
26,-13,-13
27,-13,-14
27,-13,-14
27,-13,-14
27,-13,-14
27,-14,-14
26,-13,-13
26,-13,-13
26,-13,-13
26,-14,-13
27,-14,-13
27,-14,-13
27,-14,-13
28,-15,-14
27,-14,-13
27,-15,-13
27,-14,-13
27,-14,-13
27,-14,-14
28,-14,-14
27,-14,-14
28,-14,-14
27,-13,-15
26,-13,-14
26,-13,-14
27,-14,-14
28,-15,-14
28,-15,-14
28,-15,-14
27,-13,-14
28,-14,-14
27,-13,-14
27,-14,-14
28,-14,-14
28,-14,-14
28,-14,-14
28,-14,-14
27,-14,-14
27,-13,-14
27,-14,-14
27,-13,-14
27,-13,-14
27,-13,-14
27,-14,-14
27,-14,-14
27,-14,-14
27,-14,-14
27,-13,-15
28,-14,-15
29,-13,-16
28,-14,-14
28,-13,-15
28,-14,-14
28,-14,-14
28,-14,-15
28,-14,-15
28,-14,-15
28,-13,-15
27,-13,-14
26,-13,-14
26,-13,-14
28,-14,-14
27,-14,-14
28,-15,-14
28,-15,-13
26,-14,-13
25,-14,-12
25,-14,-12
26,-13,-13
26,-13,-13
27,-14,-13
28,-15,-14
27,-14,-14
27,-13,-14
29,-14,-15
28,-14,-15
28,-14,-15
28,-13,-15
29,-15,-15
28,-14,-14
28,-14,-15
27,-14,-14
27,-14,-14
28,-14,-15
26,-14,-13
26,-13,-14
26,-13,-13
27,-15,-13
26,-14,-12
25,-14,-11
26,-14,-12
26,-14,-12
26,-14,-13
26,-15,-12
27,-15,-12
27,-15,-12
28,-15,-14
26,-13,-14
25,-12,-14
24,-12,-13
26,-13,-14
26,-13,-13
25,-13,-13
25,-13,-13
24,-13,-12
23,-12,-12
25,-13,-13
25,-12,-13
24,-13,-12
25,-13,-13
23,-12,-12
23,-13,-11
24,-13,-11
23,-13,-10
24,-13,-11
23,-13,-11
22,-13,-9
22,-14,-9
22,-13,-9
22,-13,-9
22,-13,-9
21,-13,-9
21,-12,-9
21,-12,-9
21,-12,-10
21,-12,-10
23,-12,-11
22,-12,-10
23,-12,-11
24,-12,-12
23,-12,-12
23,-12,-12
24,-12,-13
25,-13,-13
25,-12,-14
26,-12,-14
25,-12,-14
25,-12,-14
26,-13,-14
26,-13,-14
26,-12,-14
25,-12,-14
26,-12,-14
26,-12,-14
27,-12,-16
27,-13,-15
27,-13,-15
27,-14,-14
28,-14,-15
27,-14,-13
27,-13,-14
27,-14,-14
27,-13,-14
27,-13,-15
28,-13,-15
28,-14,-14
27,-13,-15
27,-13,-15
27,-12,-15
27,-13,-15
28,-14,-14
28,-14,-15
28,-13,-15
29,-14,-16
29,-14,-16
30,-15,-16
30,-14,-16
30,-14,-16
30,-14,-16
29,-15,-15
29,-14,-16
29,-14,-15
29,-14,-15
29,-15,-15
30,-14,-17
31,-15,-17
31,-15,-16
30,-16,-15
31,-15,-16
31,-15,-17
31,-15,-17
29,-14,-16
30,-16,-15
32,-16,-17
31,-17,-14
30,-15,-16
31,-16,-15
28,-14,-15
28,-13,-15
27,-13,-15
26,-13,-14
26,-13,-14
27,-13,-15
26,-12,-15
26,-12,-14
26,-13,-13
25,-12,-13
26,-13,-13
24,-11,-14
26,-12,-14
26,-12,-14
27,-13,-15
25,-12,-13
24,-12,-13
24,-12,-13
25,-13,-13
23,-12,-12
25,-12,-13
25,-12,-13
25,-13,-13
25,-12,-13
25,-12,-14
26,-12,-14
28,-12,-16
28,-11,-17
29,-12,-17
28,-12,-17
30,-12,-18
30,-11,-20
31,-12,-19
32,-12,-20
31,-12,-20
31,-12,-20
32,-12,-20
32,-13,-20
32,-13,-20
32,-13,-20
32,-12,-21
33,-13,-21
33,-13,-21
33,-13,-21
34,-13,-22
34,-13,-22
35,-14,-22
35,-14,-22
34,-13,-22
34,-13,-22
36,-14,-23
34,-12,-22
35,-13,-23
35,-13,-22
35,-13,-22
34,-13,-21
35,-14,-21
35,-14,-22
34,-13,-21
33,-13,-21
33,-13,-20
32,-14,-19
33,-14,-19
33,-14,-20
33,-13,-20
32,-13,-20
33,-12,-21
33,-13,-21
32,-13,-20
34,-14,-20
34,-14,-20
33,-15,-19
34,-15,-20
34,-15,-19
34,-15,-19
33,-14,-20
33,-15,-19
32,-14,-18
32,-15,-18
32,-16,-17
30,-15,-15
29,-14,-15
30,-15,-16
29,-15,-15
30,-14,-16
29,-14,-16
31,-14,-17
29,-14,-16
31,-15,-16
31,-15,-16
31,-15,-16
31,-15,-17
33,-16,-17
32,-15,-17
32,-16,-17
31,-15,-16
32,-17,-16
30,-15,-16
27,-14,-14
26,-15,-11
23,-14,-9
20,-14,-6
18,-15,-4
18,-15,-4
17,-15,-3
19,-15,-5
20,-14,-6
21,-14,-7
22,-14,-9
23,-13,-10
23,-13,-10
23,-13,-11
23,-13,-11
24,-14,-11
24,-13,-11
25,-13,-12
25,-12,-13
25,-12,-14
26,-12,-14
26,-12,-15
25,-12,-14
26,-13,-13
25,-12,-14
27,-13,-15
27,-13,-15
27,-12,-16
29,-13,-17
30,-13,-17
30,-13,-17
30,-13,-17
28,-12,-16
29,-13,-16
29,-14,-16
29,-14,-15
29,-14,-16
31,-14,-17
31,-15,-17
32,-14,-18
32,-14,-18
32,-14,-18
32,-15,-18
33,-16,-18
32,-15,-17
31,-15,-17
31,-15,-17
30,-14,-16
30,-15,-15
28,-15,-13
27,-15,-12
26,-16,-11
25,-16,-9
24,-15,-9
23,-15,-9
23,-15,-9
24,-15,-9
24,-15,-10
26,-15,-11
25,-15,-11
26,-15,-12
28,-16,-13
29,-16,-14
30,-17,-14
29,-15,-15
30,-16,-15
31,-16,-16
31,-15,-16
31,-15,-17
32,-15,-17
32,-14,-18
31,-14,-17
30,-14,-17
29,-13,-16
30,-14,-17
29,-13,-17
30,-13,-17
30,-13,-18
30,-14,-17
30,-14,-17
30,-14,-16
30,-15,-16
30,-14,-17
30,-14,-16
30,-14,-17
31,-14,-17
30,-14,-17
30,-13,-17
29,-13,-16
29,-14,-16
29,-13,-17
29,-13,-16
29,-14,-16
29,-13,-16
28,-13,-15
28,-13,-16
29,-14,-16
29,-14,-16
29,-14,-15
29,-14,-15
28,-14,-15
28,-15,-14
28,-14,-14
28,-14,-15
28,-14,-14
27,-14,-14
28,-15,-14
29,-15,-14
29,-15,-15
30,-15,-15
30,-16,-14
30,-15,-16
31,-16,-16
31,-16,-16
33,-17,-17
32,-16,-17
32,-16,-17
32,-16,-17
30,-16,-15
31,-16,-15
30,-16,-15
30,-16,-14
28,-15,-13
29,-16,-13
32,-17,-15
31,-17,-15
31,-17,-15
32,-16,-16
31,-16,-16
30,-15,-16
31,-16,-15
32,-16,-16
32,-16,-16
33,-17,-16
33,-16,-17
31,-16,-16
32,-16,-16
32,-16,-16
33,-17,-16
33,-15,-18
34,-16,-19
32,-16,-17
33,-15,-19
34,-15,-20
34,-16,-19
33,-15,-18
33,-15,-18
33,-15,-19
35,-17,-19
36,-18,-19
36,-18,-19
35,-18,-17
35,-18,-18
34,-17,-18
35,-18,-18
33,-17,-17
34,-17,-17
34,-17,-17
37,-18,-19
37,-19,-18
36,-20,-17
37,-19,-19
37,-19,-18
36,-19,-18
37,-18,-20
37,-18,-19
36,-19,-18
37,-18,-20
38,-18,-20
38,-18,-20
38,-19,-20
38,-19,-19
37,-18,-20
38,-19,-19
39,-18,-21
37,-19,-19
38,-19,-20
38,-19,-20
38,-19,-20
37,-18,-20
36,-17,-19
36,-18,-19
36,-18,-19
36,-18,-18
36,-18,-18
36,-18,-19
36,-18,-18
36,-18,-19
36,-18,-18
36,-18,-18
35,-17,-18
35,-18,-17
35,-17,-18
35,-17,-18
36,-18,-19
35,-18,-18
35,-18,-18
35,-17,-18
34,-17,-18
34,-17,-18
34,-17,-18
35,-18,-18
34,-18,-17
34,-17,-18
35,-17,-18
35,-17,-19
35,-17,-19
36,-16,-20
36,-17,-19
37,-18,-20
37,-17,-20
38,-19,-20
38,-18,-21
38,-18,-21
36,-17,-20
35,-17,-19
36,-18,-18
34,-18,-17
34,-17,-17
33,-17,-16
33,-17,-17
34,-18,-17
34,-18,-16
33,-18,-15
32,-18,-15
30,-17,-13
29,-17,-12
28,-17,-12
28,-17,-12
28,-17,-12
27,-16,-11
28,-16,-12
28,-16,-12
28,-16,-12
29,-16,-13
28,-16,-13
30,-18,-13
31,-17,-15
32,-17,-15
32,-17,-16
32,-16,-17
33,-16,-17
34,-16,-18
34,-17,-18
35,-17,-18
34,-16,-19
35,-15,-20
34,-14,-20
34,-13,-21
34,-14,-21
35,-14,-21
34,-14,-21
35,-14,-21
35,-14,-21
36,-14,-22
37,-14,-23
36,-14,-23
35,-13,-23
36,-14,-23
36,-14,-23
36,-14,-22
35,-14,-22
35,-14,-22
34,-13,-22
35,-13,-23
35,-13,-23
36,-13,-23
36,-14,-22
36,-14,-22
35,-14,-22
34,-13,-21
33,-14,-20
33,-12,-21
31,-12,-19
31,-12,-20
31,-12,-20
31,-12,-20
30,-12,-19
30,-12,-19
30,-11,-19
29,-12,-17
29,-12,-18
27,-11,-17
28,-11,-17
29,-12,-18
28,-12,-17
28,-12,-17
27,-11,-16
27,-12,-15
28,-12,-16
28,-13,-15
28,-13,-16
28,-13,-16
28,-13,-16
29,-13,-17
30,-13,-18
31,-13,-19
31,-13,-18
31,-13,-18
31,-13,-18
31,-13,-18
31,-13,-18
30,-13,-18
31,-12,-19
31,-13,-18
30,-13,-18
32,-14,-18
31,-13,-18
31,-13,-19
31,-13,-18
32,-14,-18
31,-14,-18
32,-14,-18
32,-14,-18
32,-14,-19
33,-14,-19
32,-14,-19
32,-14,-19
32,-14,-19
32,-14,-19
32,-14,-18
33,-15,-19
34,-15,-19
33,-16,-18
33,-15,-19
33,-15,-18
33,-16,-18
33,-16,-18
33,-16,-17
32,-16,-16
31,-16,-16
31,-17,-14
29,-17,-13
29,-17,-12
29,-16,-13
28,-17,-12
29,-16,-13
29,-15,-14
28,-15,-13
27,-16,-12
26,-15,-11
26,-16,-11
26,-14,-12
26,-15,-12
27,-15,-12
27,-15,-12
27,-16,-11
28,-16,-13
29,-17,-13
29,-16,-14
30,-16,-14
30,-16,-15
31,-16,-15
32,-16,-16
31,-15,-16
32,-17,-15
31,-15,-16
31,-13,-18
31,-10,-21
31,-9,-23
32,-9,-24
31,-9,-23
31,-10,-21
31,-12,-20
31,-12,-20
32,-13,-20
31,-14,-18
30,-15,-15
30,-15,-16
30,-15,-16
29,-14,-16
30,-14,-16
29,-16,-14
27,-16,-12
28,-17,-11
29,-17,-13
28,-17,-11
27,-15,-12
29,-16,-13
28,-16,-12
26,-15,-11
26,-15,-12
26,-16,-11
26,-15,-12
29,-16,-13
28,-15,-14
29,-15,-15
28,-15,-14
30,-15,-16
29,-15,-15
30,-15,-15
30,-16,-15
28,-15,-14
29,-14,-16
28,-12,-17
28,-11,-17
28,-11,-17
28,-10,-18
27,-13,-15
27,-14,-14
28,-15,-14
28,-14,-14
27,-14,-14
27,-14,-14
29,-15,-14
28,-14,-14
26,-14,-13
26,-14,-13
26,-14,-13
25,-13,-12
25,-13,-12
26,-14,-13
26,-13,-13
26,-14,-13
27,-14,-14
28,-13,-16
28,-13,-15
28,-13,-15
29,-14,-16
29,-13,-17
30,-13,-17
30,-13,-17
31,-13,-18
31,-13,-18
30,-13,-17
30,-13,-17
30,-14,-17
30,-14,-17
29,-14,-16
30,-15,-16
29,-15,-14
29,-15,-14
29,-14,-16
29,-14,-16
29,-14,-16
29,-14,-15
30,-14,-16
30,-14,-16
30,-13,-17
29,-14,-16
29,-14,-16
29,-13,-16
29,-13,-16
29,-13,-16
29,-13,-16
29,-13,-17
29,-14,-16
29,-14,-16
29,-14,-16
29,-14,-16
29,-14,-16
29,-14,-16
28,-13,-15
30,-14,-16
29,-14,-16
29,-14,-15
29,-14,-16
30,-14,-17
30,-14,-17
29,-13,-17
29,-13,-17
30,-13,-18
30,-12,-18
30,-13,-17
30,-14,-16
29,-14,-16
30,-14,-16
31,-14,-18
30,-13,-18
30,-13,-18
30,-13,-18
31,-14,-18
31,-13,-18
30,-13,-18
32,-13,-19
31,-13,-18
31,-14,-18
32,-13,-19
31,-13,-18
31,-14,-18
31,-13,-18
31,-14,-18
32,-15,-18
32,-15,-18
32,-15,-17
33,-18,-16
31,-19,-13
33,-18,-16
34,-16,-18
33,-16,-18
31,-15,-17
31,-15,-17
31,-15,-17
30,-14,-17
31,-15,-17
30,-14,-17
30,-14,-17
30,-14,-17
31,-14,-17
31,-14,-17
31,-14,-17
31,-14,-17
30,-14,-17
30,-15,-16
30,-14,-16
30,-14,-16
29,-14,-15
28,-14,-14
29,-15,-15
29,-15,-15
30,-15,-15
29,-15,-15
29,-15,-15
29,-15,-14
29,-15,-15
29,-14,-15
29,-14,-15
29,-14,-15
30,-14,-17
31,-14,-17
31,-14,-18
31,-14,-17
32,-13,-19
31,-12,-20
31,-10,-21
31,-9,-23
31,-9,-22
31,-9,-22
31,-11,-21
30,-11,-19
31,-13,-19
31,-14,-18
32,-13,-20
31,-12,-20
31,-10,-21
31,-9,-23
33,-12,-22
33,-13,-20
34,-15,-19
34,-16,-19
35,-15,-20
34,-13,-22
36,-13,-24
36,-13,-24
35,-14,-22
35,-14,-21
35,-15,-21
35,-15,-20
35,-15,-21
35,-15,-21
34,-15,-20
35,-15,-20
35,-16,-19
34,-15,-20
35,-15,-20
35,-15,-20
35,-14,-22
34,-12,-22
34,-14,-21
34,-15,-20
33,-14,-19
33,-15,-18
31,-16,-16
33,-15,-18
32,-14,-19
33,-15,-18
31,-15,-16
33,-16,-17
34,-17,-18
34,-17,-18
35,-17,-19
34,-17,-18
34,-16,-19
34,-16,-19
35,-16,-20
35,-16,-19
35,-16,-20
35,-16,-20
37,-17,-21
37,-17,-21
38,-17,-22
38,-17,-22
38,-16,-22
38,-17,-22
37,-16,-21
38,-17,-21
38,-18,-21
37,-16,-22
38,-16,-22
38,-17,-22
39,-17,-22
39,-16,-23
38,-15,-24
38,-14,-25
37,-14,-24
35,-13,-22
35,-15,-20
35,-15,-21
35,-16,-20
34,-15,-20
34,-15,-20
34,-13,-21
34,-13,-21
36,-15,-21
34,-14,-21
35,-15,-20
35,-15,-21
36,-15,-22
35,-15,-21
35,-15,-21
35,-15,-21
35,-15,-20
35,-15,-21
36,-15,-22
37,-15,-22
36,-14,-22
36,-14,-22
36,-15,-22
36,-15,-21
36,-15,-21
36,-14,-22
37,-15,-23
37,-15,-23
38,-16,-23
37,-15,-22
39,-19,-21
37,-18,-20
39,-18,-21
39,-16,-23
38,-15,-24
38,-12,-26
36,-11,-26
36,-11,-26
35,-10,-25
36,-12,-24
37,-14,-23
36,-15,-21
36,-16,-20
36,-16,-20
36,-17,-19
35,-17,-19
35,-16,-19
35,-17,-18
34,-16,-19
33,-16,-18
33,-16,-18
34,-17,-18
33,-16,-18
34,-17,-18
34,-16,-18
35,-17,-18
34,-18,-16
33,-17,-17
35,-17,-18
34,-17,-18
34,-17,-18
35,-17,-18
35,-17,-19
36,-16,-20
34,-15,-19
36,-16,-20
36,-16,-20
36,-16,-20
36,-16,-21
36,-16,-20
37,-16,-22
37,-16,-21
35,-15,-21
37,-16,-21
37,-15,-22
37,-15,-22
37,-15,-22
36,-15,-22
35,-15,-20
33,-16,-18
34,-16,-18
34,-16,-19
32,-16,-17
32,-15,-18
32,-15,-18
31,-14,-18
32,-15,-18
31,-16,-16
31,-16,-16
32,-16,-17
31,-16,-16
32,-16,-17
33,-16,-18
33,-16,-17
33,-16,-18
33,-16,-17
31,-15,-17
32,-15,-17
31,-15,-17
31,-14,-18
31,-15,-17
31,-14,-17
30,-14,-17
30,-14,-17
30,-14,-17
31,-13,-18
30,-13,-17
30,-14,-16
30,-13,-17
31,-14,-18
30,-13,-17
31,-12,-19
33,-12,-22
34,-12,-22
33,-12,-22
34,-13,-22
33,-13,-21
33,-14,-20
33,-14,-20
33,-14,-20
33,-14,-19
32,-14,-18
32,-14,-18
32,-14,-18
33,-15,-18
32,-14,-18
31,-13,-18
32,-14,-18
32,-13,-19
31,-14,-18
31,-14,-18
33,-16,-17
32,-15,-17
32,-15,-18
31,-15,-17
31,-14,-17
30,-15,-16
30,-14,-17
30,-14,-16
30,-14,-17
30,-14,-16
30,-15,-15
30,-15,-15
29,-15,-15
30,-14,-16
31,-15,-16
30,-14,-17
31,-14,-18
32,-15,-18
32,-14,-19
32,-13,-20
32,-12,-21
33,-13,-20
31,-13,-19
32,-14,-19
33,-13,-20
33,-13,-20
32,-13,-20
32,-13,-20
33,-14,-19
33,-14,-20
33,-14,-20
33,-14,-19
33,-14,-20
33,-14,-20
33,-14,-19
32,-14,-19
33,-14,-19
33,-14,-20
34,-16,-19
34,-15,-20
33,-14,-20
33,-15,-19
33,-14,-20
34,-14,-20
33,-14,-20
33,-14,-19
33,-14,-19
32,-14,-19
32,-13,-19
32,-14,-19
32,-14,-18
32,-14,-19
32,-13,-19
32,-13,-19
32,-13,-19
32,-13,-19
32,-14,-19
32,-13,-19
32,-13,-19
32,-14,-19
32,-15,-17
33,-14,-19
32,-16,-16
33,-17,-16
33,-16,-17
33,-15,-18
33,-14,-19
33,-14,-19
33,-14,-19
31,-14,-18
32,-14,-19
32,-15,-18
32,-14,-19
33,-15,-19
33,-15,-19
32,-14,-19
33,-14,-20
33,-14,-19
33,-14,-19
33,-14,-20
33,-15,-19
33,-14,-19
32,-14,-19
33,-14,-19
33,-14,-19
32,-14,-18
33,-15,-18
33,-15,-19
33,-14,-19
32,-14,-18
33,-14,-19
31,-13,-18
32,-14,-18
31,-13,-18
31,-14,-17
31,-15,-17
31,-14,-18
32,-15,-18
33,-15,-18
33,-15,-18
32,-15,-17
32,-15,-17
32,-14,-18
33,-14,-19
32,-14,-18
32,-14,-18
32,-14,-19
32,-14,-19
32,-14,-19
32,-14,-19
33,-14,-19
32,-14,-18
33,-15,-18
33,-14,-19
33,-14,-19
32,-14,-18
32,-14,-18
32,-15,-18
32,-14,-18
32,-15,-18
32,-15,-17
31,-15,-17
31,-16,-16
32,-17,-16
31,-16,-15
31,-17,-14
30,-17,-14
29,-16,-14
31,-17,-14
29,-16,-14
29,-16,-13
29,-16,-13
30,-17,-14
30,-17,-14
29,-16,-14
28,-15,-13
28,-16,-13
27,-15,-13
28,-16,-12
27,-15,-13
28,-16,-12
27,-16,-12
27,-15,-12
28,-16,-12
27,-15,-13
29,-16,-13
28,-15,-13
29,-15,-14
29,-15,-14
29,-15,-15
30,-16,-15
30,-15,-15
31,-16,-15
29,-15,-14
29,-15,-14
30,-16,-15
29,-15,-14
29,-15,-15
30,-15,-15
30,-15,-15
30,-15,-16
30,-15,-16
30,-15,-16
32,-16,-16
32,-15,-17
32,-15,-17
33,-16,-18
33,-16,-17
33,-16,-18
34,-17,-18
34,-16,-18
35,-17,-19
34,-17,-18
36,-20,-17
36,-18,-19
37,-18,-19
36,-17,-19
37,-17,-20
35,-16,-19
33,-16,-18
34,-16,-19
33,-15,-19
32,-16,-17
32,-15,-18
31,-15,-17
33,-16,-17
32,-15,-17
32,-16,-17
32,-17,-16
33,-17,-17
32,-16,-17
33,-16,-18
32,-15,-17
31,-15,-17
32,-15,-17
32,-15,-17
32,-16,-16
32,-15,-17
32,-15,-18
33,-15,-19
33,-15,-19
34,-15,-19
34,-15,-19
33,-15,-19
33,-15,-19
34,-15,-19
33,-15,-19
33,-15,-19
33,-15,-19
34,-15,-19
34,-15,-20
34,-15,-19
34,-13,-22
34,-10,-24
33,-9,-25
33,-9,-24
35,-12,-24
35,-12,-23
35,-14,-21
35,-14,-22
34,-11,-23
34,-11,-23
34,-12,-23
35,-13,-22
34,-14,-20
33,-14,-20
32,-12,-20
32,-12,-20
32,-14,-19
31,-14,-18
30,-14,-17
31,-14,-17
30,-13,-18
29,-13,-17
30,-14,-16
28,-14,-15
29,-14,-15
29,-15,-15
28,-14,-14
28,-14,-14
28,-15,-14
28,-14,-14
27,-14,-13
28,-14,-14
28,-14,-14
27,-14,-14
28,-15,-14
29,-14,-15
28,-14,-15
30,-14,-16
30,-13,-17
30,-14,-17
30,-14,-17
31,-14,-18
32,-15,-17
32,-15,-17
32,-15,-18
33,-15,-18
33,-15,-19
34,-15,-19
33,-15,-18
32,-16,-17
32,-15,-18
32,-14,-18
32,-13,-19
33,-14,-19
33,-15,-19
33,-14,-20
33,-13,-20
33,-13,-21
32,-12,-20
33,-13,-20
32,-14,-18
33,-14,-19
32,-14,-19
32,-13,-19
33,-14,-19
32,-14,-18
32,-15,-18
32,-15,-17
32,-16,-16
30,-16,-15
30,-15,-15
29,-15,-14
28,-14,-15
28,-14,-14
27,-15,-13
27,-16,-12
27,-15,-12
26,-14,-12
25,-14,-11
26,-15,-11
26,-15,-11
25,-16,-10
25,-16,-9
25,-15,-10
27,-15,-13
27,-12,-15
27,-11,-16
28,-12,-16
27,-13,-14
28,-15,-14
27,-14,-13
27,-14,-13
27,-14,-13
26,-14,-12
27,-14,-13
26,-14,-12
27,-14,-13
27,-14,-14
26,-12,-15
26,-12,-15
26,-12,-15
26,-12,-14
27,-13,-15
26,-13,-14
27,-12,-15
26,-13,-14
27,-13,-14
26,-13,-14
25,-13,-13
26,-14,-13
26,-14,-13
26,-14,-13
27,-14,-14
27,-13,-14
28,-13,-16
29,-13,-16
29,-15,-15
27,-14,-14
28,-14,-14
29,-15,-14
28,-15,-14
27,-14,-13
27,-15,-12
26,-14,-12
24,-15,-10
26,-15,-12
25,-15,-11
26,-15,-11
26,-15,-12
27,-15,-12
26,-15,-11
27,-15,-12
27,-15,-13
26,-14,-12
26,-14,-12
26,-15,-11
26,-15,-12
27,-15,-13
28,-15,-13
28,-14,-14
27,-14,-14
28,-14,-14
28,-14,-15
28,-14,-14
28,-13,-15
30,-15,-15
30,-14,-16
29,-14,-16
28,-14,-15
29,-14,-15
29,-14,-15
29,-14,-15
32,-15,-17
32,-16,-17
32,-16,-17
33,-15,-19
32,-16,-17
33,-16,-18
34,-15,-19
35,-15,-20
36,-16,-21
36,-16,-21
37,-16,-21
36,-16,-21
36,-15,-21
37,-16,-21
36,-16,-21
37,-17,-20
36,-16,-21
35,-16,-20
36,-16,-21
34,-14,-20
35,-14,-21
34,-14,-20
32,-13,-19
33,-14,-20
34,-15,-20
34,-15,-20
34,-16,-19
34,-15,-19
33,-15,-19
32,-15,-18
32,-15,-18
32,-15,-18
33,-15,-19
33,-15,-18
34,-15,-20
34,-14,-20
33,-14,-20
34,-14,-20
34,-14,-20
33,-15,-19
35,-15,-20
33,-15,-19
33,-14,-19
32,-14,-18
32,-13,-19
33,-14,-19
33,-15,-19
33,-15,-19
32,-15,-18
32,-14,-18
31,-13,-18
32,-14,-18
32,-14,-19
31,-13,-19
32,-14,-18
31,-13,-18
31,-13,-18
31,-13,-19
31,-13,-18
30,-12,-18
31,-12,-19
30,-12,-19
32,-13,-19
32,-13,-20
33,-13,-21
33,-12,-21
33,-13,-20
34,-13,-21
33,-12,-22
33,-12,-21
33,-12,-21
32,-12,-21
33,-12,-21
33,-12,-21
33,-13,-21
32,-13,-20
32,-13,-20
32,-13,-19
32,-14,-19
33,-14,-19
32,-13,-19
31,-14,-18
30,-13,-18
30,-14,-17
29,-14,-16
28,-14,-15
29,-14,-16
30,-14,-16
28,-14,-15
29,-14,-15
29,-14,-15
28,-14,-15
28,-14,-15
27,-14,-13
26,-14,-13
29,-15,-15
28,-14,-15
29,-14,-15
29,-14,-15
28,-14,-14
29,-15,-14
29,-15,-14
29,-15,-14
29,-15,-15
30,-15,-16
31,-15,-16
31,-16,-16
31,-15,-16
30,-15,-16
30,-14,-16
30,-14,-17
31,-15,-17
31,-15,-17
31,-15,-17
33,-16,-18
34,-16,-19
33,-16,-18
34,-16,-18
34,-16,-19
35,-16,-19
35,-16,-20
35,-16,-20
36,-16,-21
37,-17,-21
37,-16,-21
37,-16,-21
37,-16,-21
38,-16,-22
38,-16,-23
38,-16,-23
38,-16,-23
38,-16,-22
38,-16,-23
39,-15,-24
39,-14,-25
41,-14,-27
41,-15,-27
41,-14,-28
42,-14,-28
43,-14,-30
43,-14,-30
43,-14,-30
44,-14,-31
43,-14,-29
42,-14,-29
43,-15,-29
43,-14,-29
42,-14,-28
42,-14,-29
42,-15,-28
42,-15,-28
42,-15,-28
42,-14,-28
42,-14,-28
42,-14,-28
41,-14,-28
42,-15,-28
43,-15,-29
43,-15,-28
43,-15,-28
43,-15,-28
43,-15,-28
43,-16,-27
43,-15,-28
43,-16,-27
43,-16,-27
43,-16,-27
41,-16,-26
40,-16,-25
40,-16,-24
39,-16,-23
37,-15,-22
36,-15,-21
36,-16,-21
36,-16,-20
36,-16,-20
35,-17,-19
35,-18,-18
35,-18,-17
34,-17,-17
34,-18,-17
34,-18,-17
34,-18,-17
33,-18,-16
34,-18,-17
33,-16,-17
33,-17,-17
33,-17,-17
34,-17,-18
34,-16,-18
35,-17,-18
35,-17,-18
34,-16,-18
34,-16,-18
35,-17,-18
35,-16,-19
34,-16,-19
35,-17,-19
34,-15,-19
35,-15,-20
34,-16,-19
34,-16,-19
35,-16,-20
35,-16,-20
36,-16,-20
36,-16,-21
35,-15,-20
35,-16,-20
35,-16,-20
35,-16,-19
34,-16,-18
34,-16,-19
35,-17,-19
35,-17,-18
35,-17,-19
36,-17,-19
35,-17,-19
35,-17,-18
34,-16,-19
34,-16,-19
33,-16,-17
33,-16,-17
33,-17,-16
31,-16,-16
31,-15,-17
31,-15,-16
32,-15,-17
31,-15,-17
31,-15,-17
32,-15,-17
32,-15,-17
32,-16,-17
33,-16,-17
33,-16,-18
33,-16,-17
32,-16,-17
31,-15,-16
33,-16,-17
32,-16,-16
33,-16,-17
32,-16,-16
32,-17,-16
32,-16,-16
33,-16,-17
32,-17,-16
34,-18,-17
34,-17,-18
35,-17,-19
36,-16,-20
35,-16,-20
35,-16,-20
36,-16,-20
36,-16,-21
37,-16,-21
37,-16,-22
37,-16,-21
36,-16,-20
36,-16,-20
36,-16,-20
36,-17,-20
36,-16,-20
36,-17,-20
37,-16,-22
37,-15,-22
38,-14,-24
37,-12,-26
38,-13,-25
38,-14,-24
37,-14,-23
39,-15,-24
39,-16,-24
38,-15,-23
37,-15,-22
37,-15,-23
37,-16,-21
37,-16,-22
36,-16,-21
36,-16,-20
35,-15,-21
34,-15,-20
34,-16,-19
34,-16,-19
35,-17,-18
35,-17,-18
35,-17,-19
36,-16,-20
35,-17,-18
34,-17,-18
34,-17,-18
34,-16,-18
33,-16,-18
33,-16,-18
34,-16,-18
34,-17,-17
33,-13,-21
32,-10,-22
34,-8,-26
35,-8,-27
35,-8,-27
35,-9,-26
36,-10,-27
37,-11,-26
37,-12,-26
39,-14,-26
38,-16,-23
37,-17,-21
37,-17,-21
38,-17,-21
38,-17,-22
39,-17,-22
38,-17,-22
38,-18,-20
37,-18,-20
37,-17,-20
37,-16,-21
38,-17,-21
38,-17,-21
37,-16,-21
38,-17,-21
38,-17,-21
38,-17,-21
39,-18,-22
38,-17,-22
38,-17,-22
37,-16,-21
37,-16,-21
37,-17,-21
36,-17,-20
37,-17,-21
38,-17,-21
38,-17,-21
36,-17,-20
37,-17,-21
36,-16,-20
36,-16,-20
35,-16,-20
36,-17,-20
36,-17,-20
36,-16,-20
36,-16,-20
36,-16,-20
35,-16,-19
36,-16,-20
36,-17,-20
37,-17,-20
36,-16,-21
37,-16,-21
38,-16,-22
38,-16,-23
39,-16,-23
40,-17,-23
39,-17,-23
38,-17,-22
38,-17,-22
38,-17,-22
38,-17,-21
37,-17,-21
38,-17,-21
37,-18,-20
37,-17,-21
39,-17,-22
38,-18,-21
37,-17,-20
37,-17,-21
37,-16,-21
36,-16,-21
36,-16,-20
36,-16,-20
36,-16,-20
35,-16,-19
35,-16,-20
35,-16,-19
34,-15,-19
35,-16,-19
35,-16,-20
35,-16,-19
34,-16,-18
33,-15,-18
32,-16,-17
33,-17,-17
33,-17,-17
32,-17,-16
32,-16,-17
32,-16,-16
31,-16,-16
32,-16,-17
32,-15,-17
32,-15,-17
32,-16,-17
32,-15,-18
33,-15,-19
33,-15,-18
33,-16,-18
33,-16,-18
33,-16,-18
34,-17,-17
35,-17,-18
35,-17,-18
35,-18,-18
35,-17,-19
35,-16,-20
35,-16,-20
35,-17,-19
36,-17,-20
34,-15,-19
35,-15,-21
35,-15,-20
33,-15,-19
33,-15,-19
34,-15,-19
32,-14,-18
32,-14,-18
33,-14,-20
34,-14,-20
35,-15,-20
34,-16,-19
34,-15,-19
35,-17,-19
33,-16,-18
34,-16,-18
34,-16,-19
34,-16,-19
35,-16,-19
34,-16,-19
35,-17,-18
35,-18,-18
35,-17,-18
36,-18,-19
36,-17,-19
35,-17,-18
35,-17,-19
34,-16,-18
32,-16,-16
33,-16,-17
33,-16,-17
33,-16,-18
34,-16,-19
34,-16,-19
33,-15,-19
34,-15,-19
33,-14,-19
33,-15,-19
33,-14,-19
33,-14,-20
34,-15,-20
34,-15,-19
34,-15,-19
33,-15,-18
33,-14,-19
34,-15,-19
35,-16,-20
34,-16,-19
34,-15,-20
34,-15,-19
34,-15,-20
34,-15,-20
33,-15,-19
34,-15,-19
33,-14,-20
32,-14,-19
34,-15,-20
32,-14,-18
33,-15,-19
33,-15,-19
33,-16,-18
32,-15,-18
32,-15,-17
31,-15,-17
30,-15,-15
32,-15,-17
32,-16,-17
32,-16,-17
32,-15,-18
32,-15,-18
34,-16,-18
33,-16,-18
33,-15,-18
34,-16,-19
34,-16,-18
33,-15,-19
34,-16,-19
34,-16,-19
34,-16,-18
33,-16,-18
33,-15,-18
33,-16,-17
33,-15,-19
34,-16,-19
33,-16,-18
33,-16,-18
33,-16,-18
34,-16,-18
35,-17,-18
34,-17,-17
34,-18,-17
33,-18,-16
33,-18,-16
32,-17,-16
31,-17,-15
32,-17,-16
32,-17,-16
32,-16,-16
31,-16,-16
32,-16,-16
32,-16,-16
33,-17,-16
32,-16,-17
32,-17,-16
33,-17,-16
31,-16,-16
32,-17,-16
32,-16,-17
33,-14,-19
34,-10,-24
34,-8,-27
33,-9,-25
33,-10,-23
33,-11,-23
34,-14,-21
35,-15,-21
37,-16,-21
37,-17,-20
36,-17,-20
36,-17,-19
37,-17,-20
37,-17,-20
37,-18,-20
36,-17,-20
37,-17,-20
35,-16,-20
35,-17,-18
34,-16,-18
34,-17,-17
33,-17,-17
33,-17,-17
32,-16,-17
32,-16,-17
32,-16,-17
32,-16,-17
32,-16,-17
32,-16,-17
32,-16,-16
31,-16,-16
32,-16,-16
32,-16,-17
32,-16,-17
32,-16,-17
33,-16,-17
32,-16,-16
32,-16,-16
32,-16,-17
32,-16,-16
32,-16,-17
32,-16,-17
32,-15,-17
32,-16,-17
32,-16,-17
32,-16,-17
32,-16,-17
32,-15,-17
32,-16,-16
32,-16,-17
32,-16,-16
32,-15,-17
32,-16,-17
32,-15,-17
32,-16,-17
32,-16,-17
32,-16,-17
32,-16,-17
32,-16,-17
32,-16,-17
32,-15,-17
32,-16,-16
32,-16,-17
32,-16,-17
31,-16,-16
32,-16,-17
32,-16,-17
31,-15,-17
32,-16,-16
31,-15,-17
32,-16,-16
31,-15,-17
31,-16,-16
31,-16,-16
32,-16,-16
31,-15,-16
31,-15,-16
32,-16,-16
32,-16,-16
31,-18,-14
30,-15,-15
23,-15,-9
19,-12,-8
18,-11,-7
18,-10,-8
17,-9,-9
18,-10,-8
18,-9,-10
18,-9,-10
21,-10,-12
21,-9,-13
21,-8,-13
21,-8,-13
22,-8,-15
23,-8,-15
23,-8,-15
23,-8,-15
24,-9,-16
24,-9,-16
25,-9,-17
25,-9,-17
26,-9,-18
27,-9,-18
26,-8,-19
27,-9,-18
27,-9,-18
26,-9,-18
25,-8,-18
26,-9,-18
25,-8,-17
26,-8,-18
25,-8,-17
24,-8,-17
25,-9,-17
24,-9,-16
24,-10,-14
24,-11,-14
23,-10,-13
24,-10,-15
23,-10,-14
23,-9,-15
24,-10,-15
24,-10,-14
24,-11,-14
24,-10,-14
23,-9,-14
23,-9,-14
23,-9,-15
24,-10,-15
24,-9,-15
25,-10,-15
24,-9,-15
24,-9,-15
23,-9,-15
23,-9,-15
24,-9,-15
24,-10,-15
23,-9,-14
25,-11,-15
26,-10,-16
25,-10,-15
26,-11,-16
26,-11,-16
26,-11,-15
26,-11,-16
26,-11,-16
25,-10,-15
25,-10,-15
26,-11,-15
26,-10,-16
26,-11,-16
28,-10,-18
28,-10,-18
30,-11,-19
31,-12,-19
31,-11,-21
31,-11,-20
31,-12,-20
31,-11,-20
30,-12,-19
31,-12,-19
30,-11,-19
29,-11,-19
30,-11,-19
29,-11,-19
30,-11,-19
30,-12,-19
30,-12,-18
30,-12,-18
31,-13,-18
29,-12,-17
29,-12,-18
28,-12,-17
29,-12,-18
30,-12,-18
30,-12,-19
30,-12,-19
30,-11,-19
30,-12,-19
30,-11,-19
29,-11,-19
30,-11,-19
30,-11,-19
30,-11,-19
30,-11,-19
30,-11,-19
31,-12,-20
30,-11,-19
30,-12,-18
29,-11,-18
30,-12,-18
29,-12,-18
29,-12,-18
30,-12,-19
30,-11,-19
30,-11,-19
29,-11,-19
30,-11,-20
31,-11,-20
30,-11,-20
31,-11,-21
30,-11,-20
28,-9,-20
29,-9,-20
28,-9,-20
29,-9,-20
29,-10,-20
28,-10,-19
29,-10,-20
29,-10,-19
28,-11,-18
28,-11,-18
29,-11,-19
29,-10,-19
31,-12,-20
31,-11,-20
32,-12,-20
32,-12,-20
31,-11,-21
30,-10,-20
30,-11,-19
32,-12,-21
32,-11,-21
32,-12,-21
32,-12,-20
31,-12,-20
31,-12,-19
31,-12,-20
30,-11,-20
30,-12,-19
31,-12,-20
31,-12,-20
30,-11,-19
30,-11,-19
30,-11,-19
30,-11,-19
29,-11,-19
30,-11,-20
30,-10,-20
29,-9,-21
29,-8,-21
28,-7,-21
27,-6,-22
27,-6,-22
27,-5,-23
28,-5,-23
27,-5,-23
27,-4,-24
27,-4,-23
27,-5,-23
27,-4,-23
27,-4,-23
26,-4,-22
25,-4,-22
25,-3,-22
26,-4,-22
25,-5,-21
26,-6,-20
25,-6,-20
25,-6,-20
26,-6,-21
28,-7,-22
28,-6,-22
27,-6,-21
27,-6,-22
27,-6,-22
27,-5,-22
29,-7,-23
28,-6,-23
29,-6,-24
28,-5,-23
28,-5,-24
28,-3,-25
28,-2,-26
28,-2,-26
29,-1,-28
30,-1,-29
29,-1,-28
30,-1,-30
31,-1,-31
32,-1,-32
33,-1,-33
34,0,-34
32,1,-33
33,0,-33
33,-1,-32
32,0,-33
33,-1,-32
33,-2,-31
34,-2,-32
32,-2,-31
32,0,-32
32,0,-32
33,0,-33
32,0,-33
33,0,-33
33,0,-33
33,0,-33
34,-1,-33
33,-1,-33
34,-1,-33
34,-1,-33
34,-1,-33
33,-2,-32
33,-2,-31
33,-3,-31
33,-3,-31
34,-3,-31
34,-4,-30
34,-4,-31
33,-4,-30
33,-4,-30
33,-3,-30
33,-4,-30
33,-3,-30
33,-3,-30
33,-3,-30
33,-4,-30
33,-4,-29
33,-5,-29
33,-4,-29
33,-5,-29
33,-5,-29
33,-5,-28
32,-5,-27
31,-6,-26
32,-7,-25
31,-7,-24
31,-7,-24
31,-7,-24
30,-7,-24
30,-6,-25
33,-7,-27
32,-5,-27
32,-5,-27
32,-5,-28
32,-6,-26
33,-6,-27
33,-6,-28
33,-5,-28
33,-6,-28
33,-5,-29
34,-5,-29
33,-5,-29
33,-5,-28
33,-5,-28
33,-6,-28
34,-7,-28
32,-5,-27
32,-6,-27
33,-6,-27
33,-6,-27
33,-7,-27
34,-8,-26
35,-9,-26
35,-8,-27
34,-8,-27
34,-9,-25
35,-10,-26
35,-9,-26
37,-12,-26
37,-12,-25
35,-11,-24
34,-10,-24
35,-11,-25
33,-10,-24
33,-10,-24
35,-11,-24
36,-11,-26
39,-12,-27
39,-11,-29
38,-9,-30
39,-9,-30
40,-11,-30
39,-11,-29
38,-9,-29
38,-9,-30
37,-8,-30
38,-9,-30
37,-9,-28
36,-9,-28
35,-9,-26
35,-9,-26
34,-9,-25
33,-9,-25
32,-9,-23
31,-9,-22
30,-8,-23
29,-7,-22
27,-6,-22
27,-7,-21
26,-7,-20
27,-7,-20
27,-6,-21
25,-5,-21
26,-6,-21
26,-7,-20
26,-6,-21
26,-6,-20
26,-5,-21
26,-6,-20
26,-6,-21
26,-6,-20
26,-6,-20
26,-6,-21
25,-5,-20
24,-5,-20
25,-5,-20
25,-5,-20
26,-6,-20
26,-5,-21
26,-7,-20
26,-7,-20
26,-6,-20
27,-8,-20
26,-8,-19
26,-7,-19
25,-6,-19
24,-6,-19
24,-6,-18
26,-7,-20
27,-7,-20
26,-7,-20
26,-7,-20
26,-7,-20
27,-7,-20
27,-7,-20
26,-8,-19
24,-7,-18
25,-9,-17
25,-9,-16
23,-9,-14
21,-9,-13
22,-9,-14
23,-10,-14
23,-9,-15
24,-9,-16
26,-9,-17
28,-10,-18
29,-10,-19
29,-11,-18
30,-10,-20
28,-10,-19
30,-12,-19
28,-9,-20
27,-9,-18
27,-8,-20
26,-7,-20
26,-7,-19
24,-6,-19
24,-6,-18
23,-5,-18
23,-6,-18
23,-6,-18
23,-5,-18
21,-4,-17
21,-4,-18
21,-4,-18
20,-4,-17
20,-4,-17
20,-3,-17
20,-4,-17
20,-5,-15
21,-6,-16
21,-6,-15
20,-5,-15
19,-5,-15
20,-5,-15
21,-7,-15
21,-6,-15
21,-7,-15
20,-6,-14
20,-6,-15
18,-5,-14
17,-5,-12
17,-6,-11
17,-7,-11
17,-7,-11
18,-8,-10
17,-10,-7
17,-9,-8
17,-10,-8
18,-11,-7
18,-10,-9
18,-10,-8
19,-11,-9
19,-10,-9
19,-11,-9
20,-11,-10
20,-11,-9
19,-11,-9
20,-11,-10
21,-11,-10
21,-11,-10
21,-10,-12
21,-10,-11
21,-10,-12
21,-10,-12
21,-10,-12
21,-9,-13
21,-8,-13
20,-8,-13
19,-8,-12
19,-7,-13
19,-8,-12
19,-8,-12
19,-8,-12
18,-7,-12
18,-7,-12
18,-7,-12
19,-6,-13
19,-7,-13
20,-7,-13
19,-6,-14
19,-5,-14
19,-6,-14
19,-5,-15
20,-4,-16
20,-5,-16
20,-5,-15
20,-5,-15
21,-5,-16
20,-5,-16
20,-6,-15
22,-6,-16
22,-5,-17
23,-6,-17
26,-8,-19
26,-7,-19
27,-8,-19
27,-8,-20
27,-8,-20
26,-8,-19
26,-7,-19
23,-7,-16
25,-9,-17
24,-9,-16
24,-9,-16
25,-9,-16
23,-8,-15
23,-9,-15
23,-9,-14
22,-10,-13
22,-10,-13
21,-9,-13
22,-9,-14
22,-9,-13
22,-9,-13
22,-8,-14
22,-8,-14
22,-9,-13
22,-8,-14
24,-10,-15
25,-10,-16
25,-10,-15
25,-9,-16
26,-10,-17
26,-9,-17
26,-9,-18
26,-10,-17
27,-10,-17
27,-10,-17
25,-10,-16
25,-10,-15
25,-10,-15
24,-11,-14
23,-10,-13
23,-10,-14
22,-10,-13
22,-10,-13
22,-10,-13
22,-10,-13
21,-10,-12
20,-9,-12
20,-10,-10
19,-10,-9
19,-10,-10
19,-10,-9
17,-8,-10
18,-7,-11
18,-7,-12
18,-7,-12
19,-6,-13
18,-4,-14
18,-3,-15
20,-3,-18
20,-2,-18
21,-3,-18
21,-3,-18
21,-3,-19
21,-3,-19
22,-4,-19
22,-3,-20
21,-3,-19
21,-2,-20
20,-2,-19
21,-2,-19
21,-2,-20
21,-2,-20
22,-2,-21
22,-3,-20
22,-3,-19
22,-4,-19
21,-3,-19
21,-3,-19
21,-4,-17
20,-4,-17
22,-5,-18
20,-4,-17
20,-3,-17
20,-4,-17
19,-3,-16
19,-3,-16
20,-4,-16
19,-4,-15
19,-6,-14
20,-6,-15
20,-5,-15
19,-6,-14
19,-6,-14
19,-6,-13
19,-6,-13
19,-6,-13
18,-6,-13
18,-6,-13
19,-6,-13
18,-6,-12
18,-7,-11
18,-7,-11
19,-8,-12
18,-7,-11
19,-7,-13
19,-7,-12
21,-7,-14
21,-8,-13
21,-8,-14
21,-8,-14
21,-7,-14
20,-8,-13
20,-8,-13
20,-8,-13
20,-8,-13
20,-7,-13
19,-6,-13
19,-6,-13
18,-6,-13
17,-6,-12
18,-7,-12
18,-7,-11
18,-7,-11
20,-9,-11
20,-10,-10
21,-11,-10
21,-11,-10
21,-12,-10
21,-10,-11
21,-11,-11
21,-10,-12
21,-9,-13
20,-8,-13
20,-8,-13
20,-8,-13
19,-7,-12
19,-8,-11
19,-9,-11
18,-9,-10
19,-9,-10
19,-9,-11
19,-8,-11
18,-8,-10
18,-8,-10
18,-8,-10
19,-8,-11
19,-8,-11
19,-8,-11
19,-8,-12
18,-7,-11
18,-6,-12
18,-6,-13
19,-6,-14
19,-4,-15
21,-5,-17
22,-4,-18
22,-4,-19
24,-5,-20
23,-5,-19
24,-6,-19
24,-6,-19
22,-5,-17
22,-6,-17
23,-6,-17
23,-6,-17
23,-6,-18
24,-6,-18
24,-7,-17
23,-7,-17
23,-7,-17
23,-6,-17
22,-7,-16
21,-6,-16
22,-7,-16
21,-7,-15
19,-6,-14
19,-6,-14
20,-5,-15
20,-2,-19
18,-1,-18
18,-2,-17
20,-4,-16
20,-5,-16
21,-7,-15
20,-6,-14
21,-4,-18
21,-2,-19
22,-4,-19
22,-5,-17
21,-6,-16
21,-5,-16
22,-5,-17
22,-7,-16
23,-7,-16
23,-7,-16
23,-7,-16
22,-7,-16
22,-6,-16
23,-7,-16
23,-7,-16
23,-7,-17
24,-7,-17
23,-8,-15
24,-8,-16
24,-8,-17
24,-8,-17
24,-7,-17
23,-7,-17
22,-7,-16
23,-9,-14
23,-12,-11
20,-15,-5
16,-15,-1
18,-15,-3
18,-10,-8
17,-8,-10
17,-8,-10
19,-9,-10
18,-9,-10
18,-9,-9
19,-10,-10
19,-10,-9
19,-9,-11
20,-10,-10
20,-11,-10
20,-11,-9
19,-12,-8
20,-11,-10
21,-10,-12
21,-10,-11
20,-13,-7
19,-15,-5
19,-14,-6
18,-13,-6
18,-12,-6
16,-11,-5
16,-11,-5
16,-11,-6
17,-11,-6
17,-11,-6
17,-11,-6
18,-11,-7
18,-11,-7
17,-11,-6
17,-11,-6
17,-12,-5
18,-12,-7
17,-11,-7
17,-11,-7
18,-11,-7
16,-11,-6
17,-11,-7
16,-11,-6
17,-11,-7
18,-11,-8
17,-9,-8
17,-9,-8
18,-9,-9
18,-10,-9
18,-10,-9
20,-11,-9
21,-11,-11
20,-11,-10
19,-10,-9
18,-9,-9
19,-10,-10
20,-10,-10
21,-11,-10
23,-12,-12
23,-11,-12
23,-12,-12
24,-11,-14
24,-12,-13
24,-11,-14
25,-11,-15
25,-10,-16
25,-11,-14
25,-11,-14
25,-10,-15
24,-10,-14
24,-10,-15
24,-10,-15
25,-11,-15
26,-11,-16
26,-12,-15
25,-12,-14
25,-12,-14
25,-12,-14
24,-11,-14
25,-11,-15
26,-11,-15
25,-11,-14
25,-12,-14
23,-12,-12
24,-11,-14
25,-11,-14
25,-11,-15
24,-9,-15
24,-9,-16
26,-9,-17
26,-9,-18
27,-10,-18
28,-10,-18
28,-11,-17
27,-10,-17
28,-11,-18
29,-11,-19
29,-11,-18
28,-11,-18
29,-11,-18
31,-12,-19
30,-11,-19
28,-10,-18
26,-10,-17
25,-10,-16
25,-10,-16
25,-11,-15
25,-9,-16
25,-10,-15
24,-10,-15
24,-11,-14
24,-10,-14
24,-10,-14
24,-11,-14
24,-11,-14
24,-10,-14
24,-11,-14
24,-11,-14
24,-11,-13
23,-11,-13
23,-10,-13
24,-11,-13
24,-11,-13
24,-12,-13
24,-11,-13
24,-12,-12
24,-13,-11
24,-13,-11
24,-13,-12
24,-12,-12
23,-12,-12
22,-11,-11
23,-12,-11
22,-12,-11
21,-11,-10
21,-10,-11
21,-10,-12
22,-10,-12
23,-9,-14
22,-9,-14
23,-8,-15
22,-8,-15
22,-8,-15
22,-7,-15
22,-7,-16
22,-7,-15
21,-8,-14
22,-8,-14
21,-9,-13
22,-8,-14
22,-9,-13
20,-7,-13
20,-8,-13
20,-7,-14
21,-8,-14
20,-7,-14
20,-6,-14
22,-6,-16
22,-6,-17
23,-6,-17
23,-6,-17
24,-7,-18
24,-7,-18
26,-8,-19
25,-8,-18
26,-8,-19
26,-7,-20
26,-7,-20
27,-7,-20
26,-8,-19
26,-7,-19
26,-7,-19
25,-8,-17
24,-8,-16
23,-8,-16
22,-8,-15
23,-8,-15
22,-9,-14
23,-10,-13
23,-10,-13
23,-10,-13
22,-10,-12
21,-10,-12
21,-10,-12
22,-10,-12
21,-10,-12
20,-10,-11
23,-10,-13
20,-9,-12
20,-9,-11
21,-9,-12
20,-9,-11
20,-9,-11
20,-10,-10
20,-10,-10
20,-10,-10
19,-10,-10
20,-11,-9
18,-10,-8
18,-10,-9
18,-10,-9
19,-10,-9
19,-10,-9
18,-10,-9
18,-9,-10
19,-9,-10
19,-9,-11
20,-9,-11
20,-9,-11
19,-9,-11
19,-9,-11
20,-9,-12
20,-9,-11
20,-9,-12
19,-9,-11
19,-9,-11
20,-9,-11
20,-9,-12
20,-9,-12
20,-9,-11
20,-9,-12
20,-9,-12
20,-9,-12
20,-8,-12
21,-9,-13
21,-8,-13
21,-9,-12
21,-9,-13
21,-9,-13
21,-9,-13
22,-9,-13
21,-9,-13
21,-9,-12
21,-10,-12
21,-9,-13
21,-8,-13
21,-8,-13
22,-8,-14
21,-8,-14
22,-8,-14
22,-9,-13
22,-9,-13
21,-9,-12
21,-9,-12
21,-10,-12
22,-10,-12
21,-9,-12
21,-9,-12
21,-8,-13
20,-8,-12
21,-8,-13
21,-8,-13
22,-9,-14
21,-9,-13
21,-9,-13
21,-9,-13
21,-9,-13
21,-9,-13
21,-8,-13
21,-8,-13
22,-8,-14
22,-8,-14
22,-8,-14
22,-9,-14
23,-9,-14
22,-8,-14
22,-9,-13
23,-10,-14
23,-9,-14
23,-10,-13
23,-10,-13
22,-11,-12
22,-12,-11
21,-11,-10
20,-10,-10
20,-12,-9
21,-12,-9
20,-12,-9
19,-11,-8
19,-11,-9
18,-11,-8
18,-11,-8
19,-11,-8
19,-11,-8
18,-10,-8
19,-10,-9
19,-10,-9
20,-10,-11
20,-11,-10
20,-11,-10
19,-10,-9
19,-10,-10
21,-10,-11
20,-10,-10
21,-11,-11
19,-9,-11
21,-9,-12
22,-11,-12
23,-11,-12
21,-10,-12
22,-10,-12
23,-11,-13
23,-11,-13
23,-11,-13
25,-11,-14
25,-12,-13
26,-12,-14
26,-13,-14
25,-11,-15
24,-11,-13
26,-12,-15
23,-11,-12
23,-12,-11
23,-11,-12
23,-12,-11
23,-12,-12
23,-11,-12
22,-10,-13
22,-10,-13
23,-10,-14
23,-9,-15
23,-8,-15
24,-8,-17
23,-8,-16
24,-8,-16
25,-8,-17
25,-8,-18
25,-8,-17
26,-8,-18
27,-9,-18
26,-8,-18
26,-8,-19
28,-8,-20
28,-8,-20
29,-8,-22
30,-8,-22
30,-8,-22
30,-8,-22
32,-10,-23
31,-9,-22
30,-9,-22
30,-9,-22
30,-10,-21
30,-9,-21
30,-9,-21
30,-9,-21
30,-9,-22
29,-9,-20
29,-9,-21
29,-9,-21
30,-9,-21
29,-10,-20
29,-10,-19
28,-9,-19
27,-10,-18
28,-10,-19
28,-9,-19
28,-8,-20
29,-9,-21
29,-9,-20
29,-10,-20
28,-10,-18
27,-9,-19
27,-10,-17
28,-10,-18
27,-10,-17
25,-9,-17
25,-10,-16
24,-9,-16
23,-8,-15
22,-9,-14
22,-9,-14
23,-9,-14
23,-9,-14
23,-10,-14
24,-10,-14
24,-11,-13
24,-10,-14
23,-11,-13
24,-10,-14
24,-11,-14
28,-12,-17
29,-13,-17
29,-13,-16
26,-12,-15
26,-13,-14
27,-12,-15
26,-12,-15
26,-12,-14
26,-12,-14
26,-12,-15
26,-13,-14
25,-12,-14
25,-13,-13
24,-12,-13
22,-11,-12
23,-11,-12
22,-11,-11
22,-11,-11
22,-11,-11
22,-11,-11
22,-12,-11
22,-11,-11
22,-12,-10
22,-13,-10
22,-12,-10
23,-12,-11
23,-13,-11
23,-12,-11
22,-11,-11
22,-11,-12
21,-11,-11
21,-12,-10
23,-12,-11
23,-13,-11
23,-12,-12
23,-12,-12
22,-12,-11
24,-12,-13
24,-12,-13
23,-12,-12
24,-12,-12
24,-12,-12
22,-11,-11
21,-11,-10
21,-11,-10
21,-11,-10
20,-11,-9
20,-11,-9
20,-11,-9
19,-11,-8
19,-11,-9
19,-11,-8
18,-11,-8
18,-11,-7
17,-11,-6
18,-12,-6
18,-12,-7
17,-11,-7
17,-10,-7
18,-10,-8
17,-11,-7
17,-10,-7
17,-10,-7
17,-10,-7
18,-10,-8
18,-10,-8
18,-10,-8
18,-10,-8
18,-11,-8
19,-12,-8
20,-12,-8
23,-13,-10
23,-14,-10
23,-13,-10
23,-13,-11
23,-13,-11
24,-13,-11
24,-13,-12
25,-13,-12
24,-13,-12
25,-14,-11
25,-15,-11
25,-16,-10
26,-16,-11
27,-17,-11
27,-17,-11
26,-17,-10
26,-16,-11
28,-17,-11
27,-17,-11
27,-17,-11
26,-17,-9
26,-16,-10
24,-17,-8
24,-16,-8
23,-16,-8
22,-16,-7
22,-16,-6
22,-15,-8
23,-15,-9
22,-16,-7
22,-16,-6
21,-15,-7
22,-14,-9
23,-14,-10
23,-12,-11
23,-11,-13
23,-10,-13
24,-9,-15
24,-7,-18
25,-7,-18
25,-6,-19
27,-8,-19
27,-9,-19
27,-9,-18
27,-9,-18
25,-10,-16
26,-12,-14
26,-14,-12
26,-14,-13
27,-14,-14
25,-13,-13
26,-15,-12
23,-15,-9
24,-15,-9
22,-14,-8
20,-14,-7
17,-13,-5
15,-12,-3
14,-13,-2
12,-13,0
13,-14,0
12,-14,1
12,-14,1
14,-14,-1
15,-13,-2
14,-13,-2
16,-12,-5
17,-12,-6
18,-11,-8
18,-10,-9
20,-10,-11
18,-9,-10
20,-9,-11
20,-8,-13
21,-8,-13
21,-8,-14
22,-8,-14
23,-9,-14
23,-9,-14
22,-9,-14
22,-9,-13
22,-10,-13
24,-11,-13
24,-12,-12
25,-13,-13
25,-12,-13
26,-13,-13
27,-13,-14
27,-13,-15
26,-13,-14
26,-12,-14
26,-13,-13
26,-15,-12
25,-15,-11
24,-15,-10
22,-14,-9
22,-14,-8
21,-13,-8
20,-13,-7
21,-13,-9
22,-13,-9
21,-13,-9
22,-14,-9
24,-13,-12
24,-12,-12
26,-12,-14
24,-12,-13
25,-11,-14
26,-12,-15
26,-12,-15
25,-11,-14
25,-12,-14
26,-11,-15
26,-11,-15
25,-11,-14
24,-10,-14
24,-11,-13
23,-11,-12
23,-11,-13
22,-10,-12
22,-11,-11
23,-12,-11
23,-12,-12
23,-12,-12
23,-12,-12
23,-12,-12
23,-11,-13
23,-11,-13
22,-11,-12
22,-11,-12
24,-12,-12
23,-11,-12
22,-11,-12
22,-11,-12
24,-11,-13
26,-13,-14
27,-13,-14
26,-13,-14
25,-12,-14
25,-12,-14
26,-12,-15
26,-11,-16
26,-11,-16
26,-11,-16
29,-11,-18
31,-12,-20
31,-12,-20
32,-10,-22
33,-11,-23
33,-12,-22
33,-11,-23
34,-10,-24
33,-11,-23
32,-10,-22
32,-11,-21
32,-12,-21
31,-12,-20
31,-12,-19
30,-12,-19
30,-11,-19
30,-12,-19
30,-12,-19
31,-12,-19
30,-13,-18
31,-13,-19
33,-15,-19
32,-15,-18
32,-15,-17
31,-15,-16
31,-16,-16
33,-16,-17
34,-16,-19
34,-17,-18
33,-16,-17
34,-17,-18
34,-17,-17
33,-16,-17
32,-15,-17
30,-15,-16
30,-15,-16
29,-16,-14
30,-17,-14
30,-16,-15
31,-17,-14
31,-17,-15
31,-16,-15
31,-16,-16
31,-16,-16
31,-16,-16
31,-16,-15
30,-15,-15
30,-15,-15
31,-15,-16
32,-15,-18
31,-15,-16
32,-16,-17
31,-15,-16
30,-15,-15
29,-15,-15
28,-14,-14
28,-14,-14
27,-14,-13
26,-13,-13
25,-13,-13
23,-12,-12
25,-11,-14
25,-12,-13
26,-13,-13
24,-12,-13
24,-12,-13
25,-12,-14
24,-12,-13
24,-11,-13
25,-12,-13
25,-13,-13
25,-12,-13
25,-12,-13
25,-13,-13
24,-12,-13
25,-12,-13
24,-12,-13
24,-12,-13
24,-12,-13
24,-12,-13
24,-12,-13
24,-12,-12
23,-13,-11
23,-13,-11
22,-13,-10
23,-14,-10
23,-14,-9
25,-15,-10
25,-15,-11
27,-15,-12
28,-15,-13
29,-15,-14
26,-14,-13
26,-13,-13
24,-12,-12
24,-12,-12
24,-11,-13
23,-11,-12
23,-11,-12
22,-11,-11
21,-12,-10
20,-12,-9
21,-13,-9
21,-13,-8
23,-14,-9
26,-15,-11
28,-16,-12
30,-17,-13
32,-20,-13
33,-20,-13
33,-22,-11
32,-22,-10
32,-21,-11
31,-21,-10
32,-21,-11
31,-22,-10
32,-23,-10
32,-23,-9
32,-24,-8
30,-23,-8
30,-23,-8
31,-22,-9
29,-21,-8
29,-22,-7
29,-21,-8
28,-22,-7
27,-22,-6
25,-22,-3
23,-20,-3
23,-19,-4
23,-18,-5
22,-18,-4
21,-18,-4
20,-18,-2
20,-18,-3
19,-17,-2
18,-16,-3
18,-15,-3
17,-14,-4
15,-13,-3
15,-13,-2
15,-13,-2
13,-12,-1
13,-13,-1
13,-13,0
13,-13,0
12,-13,0
13,-13,0
12,-14,1
11,-13,2
9,-13,3
11,-13,2
10,-12,2
10,-12,2
10,-11,1
9,-11,2
8,-12,3
8,-12,4
9,-13,4
9,-13,4
9,-13,3
9,-12,2
10,-12,2
11,-13,1
12,-13,1
12,-13,1
10,-13,2
10,-13,2
10,-13,3
10,-12,2
8,-12,3
6,-12,5
7,-13,5
6,-14,7
7,-13,6
7,-13,6
8,-14,5
8,-14,5
7,-13,6
6,-13,6
7,-13,6
7,-13,6
8,-13,5
7,-13,6
7,-13,6
7,-13,6
8,-13,5
6,-13,6
6,-13,7
7,-14,7
7,-14,6
9,-14,5
10,-14,4
10,-13,3
9,-13,4
11,-13,1
11,-12,1
11,-11,0
11,-12,0
12,-11,-1
11,-11,-1
11,-11,-1
9,-11,1
10,-10,-1
11,-10,-1
10,-11,0
10,-11,0
10,-11,1
11,-11,-1
11,-11,0
10,-11,1
11,-12,0
13,-13,0
14,-13,-2
13,-13,-1
14,-13,-2
15,-13,-2
14,-13,-2
15,-13,-2
15,-13,-2
15,-13,-2
14,-13,-1
14,-14,-1
14,-14,0
14,-14,0
14,-14,0
14,-14,0
15,-14,-1
15,-14,-1
14,-16,1
14,-15,0
13,-15,1
13,-16,2
14,-15,1
14,-15,1
14,-14,0
13,-15,1
14,-15,0
14,-15,1
15,-16,1
14,-15,0
14,-15,1
15,-15,0
15,-13,-3
16,-10,-7
18,-9,-9
16,-10,-7
15,-12,-3
15,-14,-2
17,-14,-3
16,-13,-3
17,-13,-4
17,-14,-4
18,-14,-5
16,-13,-3
18,-13,-5
17,-13,-4
18,-14,-4
17,-14,-4
17,-14,-4
17,-14,-3
16,-14,-2
15,-14,-2
15,-14,-1
15,-14,-2
16,-14,-2
17,-14,-3
18,-14,-5
19,-15,-5
20,-14,-6
18,-13,-6
18,-14,-5
19,-14,-6
20,-14,-6
20,-14,-7
21,-14,-7
20,-14,-7
21,-14,-8
20,-13,-7
19,-14,-6
18,-14,-5
19,-13,-6
19,-14,-6
20,-13,-7
22,-14,-9
21,-14,-8
21,-13,-8
20,-12,-8
22,-13,-9
21,-13,-8
22,-14,-8
22,-13,-9
23,-13,-10
23,-13,-10
22,-13,-10
23,-13,-11
22,-13,-10
22,-12,-11
23,-12,-11
23,-12,-11
23,-12,-11
23,-13,-11
24,-14,-11
23,-13,-10
22,-14,-9
24,-14,-10
23,-14,-9
22,-13,-9
24,-14,-10
24,-14,-11
23,-13,-10
23,-14,-10
24,-15,-9
23,-15,-9
22,-14,-9
20,-14,-7
20,-13,-7
21,-14,-7
21,-14,-8
22,-14,-9
21,-14,-8
22,-14,-8
21,-14,-8
22,-15,-8
22,-15,-8
22,-15,-8
23,-15,-8
23,-15,-8
23,-15,-8
23,-15,-9
23,-15,-9
24,-14,-10
25,-13,-13
24,-10,-15
25,-9,-17
25,-9,-17
24,-10,-15
24,-13,-12
23,-15,-9
22,-16,-6
23,-15,-8
24,-13,-11
25,-9,-17
26,-6,-20
26,-7,-20
25,-9,-16
26,-13,-13
23,-16,-7
19,-19,0
20,-17,-4
24,-15,-10
25,-12,-13
25,-13,-13
24,-16,-8
21,-17,-4
23,-16,-8
26,-15,-12
27,-12,-16
28,-12,-17
26,-11,-15
26,-13,-14
24,-15,-10
25,-16,-9
25,-15,-11
29,-13,-16
28,-7,-22
28,-4,-25
30,-7,-23
30,-11,-20
30,-15,-16
29,-15,-15
31,-15,-16
29,-13,-17
30,-13,-17
30,-17,-14
28,-17,-11
29,-14,-15
27,-11,-17
27,-10,-17
27,-13,-14
28,-14,-14
26,-16,-11
25,-16,-10
26,-14,-13
28,-13,-16
27,-12,-16
28,-13,-15
28,-14,-14
28,-13,-15
28,-12,-16
30,-13,-18
29,-13,-17
30,-14,-16
29,-15,-14
29,-15,-14
29,-16,-14
30,-15,-15
31,-16,-16
31,-16,-16
31,-16,-16
30,-15,-15
31,-16,-16
31,-15,-16
31,-15,-16
31,-16,-16
31,-15,-16
31,-15,-17
31,-15,-17
31,-13,-18
30,-11,-20
33,-10,-23
32,-10,-22
32,-10,-22
30,-14,-17
28,-18,-11
26,-20,-6
24,-19,-5
29,-18,-12
29,-15,-15
29,-13,-17
29,-14,-16
29,-14,-15
30,-15,-15
29,-14,-15
29,-14,-16
29,-14,-15
30,-15,-15
29,-15,-14
29,-15,-15
29,-13,-16
30,-14,-17
30,-13,-17
30,-14,-16
28,-13,-16
30,-13,-17
30,-14,-16
31,-16,-16
30,-17,-13
31,-16,-15
28,-14,-15
26,-14,-12
28,-15,-13
27,-16,-12
27,-15,-12
26,-16,-11
26,-15,-12
25,-16,-10
25,-15,-10
24,-15,-9
26,-15,-11
28,-16,-12
31,-16,-15
33,-16,-17
34,-15,-19
35,-15,-20
35,-14,-22
35,-13,-22
35,-14,-22
35,-15,-21
36,-16,-21
34,-16,-19
30,-19,-12
25,-19,-6
29,-19,-11
29,-18,-11
27,-16,-12
28,-15,-14
28,-15,-14
27,-17,-11
27,-18,-9
26,-18,-9
26,-16,-10
25,-15,-11
27,-15,-12
30,-16,-14
28,-17,-12
28,-17,-12
29,-16,-13
28,-15,-13
28,-14,-15
29,-13,-17
30,-11,-19
29,-11,-19
31,-12,-20
30,-13,-18
30,-14,-17
30,-13,-17
28,-12,-16
28,-12,-17
28,-12,-16
28,-13,-16
28,-12,-16
27,-13,-15
28,-12,-17
30,-11,-20
30,-11,-20
28,-11,-17
27,-13,-14
25,-13,-13
23,-14,-10
22,-15,-7
22,-16,-7
23,-12,-12
23,-12,-11
24,-11,-13
23,-12,-11
23,-12,-11
23,-12,-12
23,-12,-11
22,-13,-10
22,-14,-8
23,-13,-10
22,-13,-10
22,-13,-10
21,-13,-9
21,-12,-10
22,-12,-11
23,-13,-11
23,-13,-10
21,-13,-9
22,-13,-10
21,-12,-10
21,-12,-9
22,-14,-9
20,-12,-8
19,-11,-8
19,-12,-7
20,-14,-7
20,-13,-7
20,-12,-8
20,-13,-8
20,-13,-7
20,-13,-7
19,-13,-6
21,-13,-8
19,-13,-7
20,-13,-7
20,-13,-7
21,-13,-8
22,-12,-11
21,-12,-10
21,-12,-10
22,-13,-10
24,-14,-10
26,-14,-13
25,-14,-12
26,-14,-13
26,-14,-13
26,-14,-13
27,-14,-13
26,-13,-13
26,-13,-13
26,-13,-13
26,-14,-13
26,-14,-13
26,-14,-12
26,-13,-13
26,-13,-13
26,-13,-13
26,-13,-13
25,-13,-13
24,-12,-12
23,-12,-12
25,-13,-13
26,-13,-13
25,-13,-12
26,-14,-13
25,-13,-13
27,-13,-14
27,-13,-14
27,-13,-14
26,-12,-14
26,-13,-14
27,-12,-15
26,-13,-14
26,-13,-14
25,-12,-14
26,-12,-15
25,-12,-14
26,-13,-14
25,-13,-12
26,-15,-12
26,-14,-13
24,-13,-12
25,-13,-13
24,-14,-11
25,-14,-11
24,-13,-12
24,-13,-12
24,-13,-12
24,-13,-11
23,-13,-11
24,-12,-12
24,-12,-13
26,-11,-15
26,-10,-16
27,-11,-16
24,-11,-14
25,-12,-13
24,-12,-12
24,-12,-13
24,-11,-14
24,-11,-14
24,-12,-13
23,-12,-12
24,-13,-12
24,-12,-13
25,-11,-15
25,-11,-15
26,-11,-16
27,-12,-15
26,-11,-15
26,-12,-14
27,-12,-15
25,-12,-14
26,-12,-15
27,-13,-15
27,-13,-14
26,-13,-14
26,-13,-14
26,-13,-14
24,-13,-11
23,-13,-11
23,-13,-11
23,-12,-11
23,-12,-12
21,-13,-9
22,-12,-10
21,-12,-9
21,-12,-9
22,-12,-11
22,-12,-10
21,-12,-10
23,-13,-10
23,-12,-11
23,-12,-11
22,-12,-11
23,-12,-12
23,-12,-11
23,-12,-11
23,-12,-11
23,-12,-11
24,-12,-12
23,-13,-11
24,-13,-12
23,-13,-10
22,-12,-11
24,-11,-13
23,-10,-14
24,-11,-14
23,-11,-13
23,-11,-13
22,-12,-10
23,-14,-10
21,-13,-8
22,-13,-10
22,-11,-11
21,-10,-11
22,-11,-11
22,-13,-10
22,-13,-9
24,-14,-10
24,-13,-12
24,-10,-15
25,-9,-16
26,-10,-16
24,-11,-14
23,-12,-12
22,-12,-10
23,-11,-12
23,-10,-13
23,-10,-14
23,-11,-13
23,-13,-11
24,-15,-10
23,-14,-9
23,-13,-11
24,-12,-13
24,-13,-11
24,-16,-8
21,-16,-6
23,-16,-8
23,-16,-7
23,-15,-8
23,-14,-10
23,-15,-9
24,-15,-9
23,-14,-9
24,-12,-12
24,-13,-11
24,-16,-9
22,-17,-6
23,-17,-7
25,-16,-9
24,-14,-10
23,-15,-9
23,-14,-9
23,-13,-10
24,-11,-13
22,-9,-14
20,-8,-12
17,-8,-9
17,-10,-7
12,-12,0
11,-14,2
14,-13,-1
14,-13,-2
16,-12,-5
18,-11,-7
18,-11,-7
16,-11,-5
16,-13,-4
14,-12,-3
17,-11,-6
18,-9,-10
17,-7,-10
19,-9,-11
17,-9,-8
16,-10,-7
16,-11,-5
15,-10,-6
15,-10,-6
14,-11,-4
14,-14,-1
12,-17,4
13,-20,7
15,-20,5
16,-20,4
15,-19,3
16,-18,1
20,-16,-4
21,-14,-7
21,-13,-9
19,-12,-7
19,-12,-8
19,-11,-9
22,-12,-10
23,-11,-12
22,-11,-12
23,-10,-13
23,-10,-13
24,-11,-13
23,-13,-11
21,-15,-6
19,-17,-3
20,-17,-4
23,-17,-6
25,-16,-9
24,-13,-12
24,-12,-13
24,-12,-12
23,-13,-11
21,-13,-9
21,-14,-8
19,-15,-4
20,-17,-3
19,-17,-3
21,-17,-4
22,-15,-7
22,-15,-8
23,-15,-8
22,-14,-9
22,-13,-9
22,-12,-11
22,-12,-11
22,-12,-11
21,-11,-10
19,-12,-8
20,-12,-8
19,-12,-7
18,-12,-7
18,-12,-6
18,-12,-7
19,-12,-7
20,-11,-9
21,-11,-11
22,-11,-11
22,-12,-10
20,-16,-5
19,-17,-2
18,-17,-2
20,-16,-4
20,-15,-5
20,-15,-6
21,-14,-7
20,-16,-4
19,-16,-3
17,-15,-3
18,-14,-5
19,-13,-7
19,-13,-6
21,-14,-8
21,-14,-8
21,-14,-8
21,-14,-8
20,-14,-7
21,-14,-7
21,-15,-7
22,-15,-8
22,-15,-8
21,-15,-6
21,-16,-6
21,-15,-7
24,-15,-10
22,-16,-7
24,-16,-8
23,-18,-6
25,-17,-8
24,-17,-7
26,-16,-10
26,-14,-12
25,-14,-11
24,-16,-8
22,-17,-6
21,-17,-5
22,-17,-6
22,-15,-7
24,-14,-10
23,-14,-9
21,-15,-7
18,-15,-4
18,-15,-3
18,-16,-2
19,-17,-2
18,-17,-1
19,-16,-3
18,-16,-3
19,-16,-4
18,-16,-3
18,-15,-4
18,-15,-4
19,-14,-5
18,-14,-5
19,-14,-5
18,-14,-4
19,-14,-6
18,-14,-5
18,-14,-4
18,-14,-5
19,-14,-6
19,-14,-6
19,-14,-5
20,-15,-5
19,-15,-5
20,-14,-6
18,-14,-5
17,-13,-4
19,-13,-6
20,-14,-6
19,-14,-6
20,-14,-6
20,-14,-6
21,-14,-8
20,-13,-8
22,-14,-8
21,-14,-8
22,-14,-9
23,-14,-10
22,-14,-9
23,-15,-9
22,-17,-6
23,-17,-7
22,-16,-7
22,-15,-8
23,-14,-10
23,-14,-10
22,-14,-9
21,-14,-8
22,-15,-8
22,-14,-9
23,-14,-9
22,-14,-9
22,-14,-8
22,-13,-9
23,-13,-10
21,-12,-9
22,-13,-9
23,-15,-8
29,-15,-14
34,-16,-19
37,-15,-22
39,-15,-24
41,-17,-25
41,-17,-24
42,-17,-25
41,-16,-25
39,-15,-24
39,-16,-24
38,-16,-22
36,-16,-20
35,-16,-19
35,-16,-19
33,-16,-18
31,-16,-16
30,-16,-15
30,-16,-14
28,-16,-13
28,-16,-12
30,-17,-14
30,-16,-14
29,-15,-15
28,-14,-15
28,-14,-14
27,-13,-14
28,-13,-15
27,-13,-14
27,-13,-14
26,-13,-14
26,-13,-13
24,-13,-12
25,-13,-12
25,-13,-13
24,-13,-12
25,-12,-13
22,-12,-10
24,-13,-11
23,-13,-11
22,-13,-10
22,-12,-11
21,-12,-10
22,-12,-10
21,-12,-9
21,-13,-9
22,-12,-10
24,-13,-12
25,-11,-14
26,-11,-15
30,-12,-18
35,-14,-21
37,-16,-22
40,-17,-23
41,-18,-24
40,-18,-23
41,-19,-23
40,-19,-22
40,-18,-23
38,-18,-21
37,-17,-20
36,-17,-19
34,-16,-19
31,-16,-16
31,-16,-16
31,-17,-15
32,-17,-15
31,-17,-15
31,-17,-15
31,-16,-16
33,-16,-17
32,-15,-17
30,-14,-16
30,-14,-16
30,-14,-17
30,-13,-17
30,-13,-18
30,-13,-17
28,-12,-16
27,-11,-16
28,-11,-17
27,-10,-17
26,-11,-16
24,-12,-13
24,-14,-11
22,-16,-7
23,-16,-7
23,-16,-7
23,-17,-7
22,-18,-5
19,-18,-1
21,-18,-3
20,-18,-3
20,-16,-4
21,-14,-7
21,-13,-9
19,-12,-8
19,-13,-7
16,-14,-2
13,-14,1
10,-15,4
10,-14,4
11,-14,2
12,-14,2
12,-15,3
13,-15,2
13,-15,1
15,-14,-1
18,-15,-3
21,-16,-6
24,-16,-9
28,-18,-11
29,-18,-12
30,-18,-12
27,-17,-11
28,-16,-12
27,-17,-11
26,-14,-12
25,-13,-13
26,-12,-14
26,-11,-15
25,-10,-16
26,-9,-18
27,-10,-18
27,-9,-18
26,-10,-17
26,-10,-17
25,-10,-15
23,-11,-13
22,-10,-13
23,-10,-14
24,-9,-16
25,-7,-18
26,-6,-20
26,-6,-20
26,-8,-19
24,-10,-14
21,-12,-10
20,-13,-8
20,-11,-10
22,-11,-12
23,-10,-13
22,-10,-12
22,-10,-13
22,-10,-12
21,-9,-13
22,-10,-13
23,-11,-13
23,-11,-12
22,-10,-12
21,-11,-10
21,-11,-11
22,-11,-11
23,-12,-12
21,-13,-9
20,-12,-8
19,-12,-7
20,-12,-8
18,-11,-7
15,-10,-5
15,-10,-5
16,-11,-5
17,-12,-5
16,-11,-6
16,-11,-6
17,-10,-7
18,-11,-8
20,-11,-9
22,-11,-11
21,-11,-10
22,-12,-10
22,-12,-11
22,-12,-10
23,-13,-11
23,-13,-10
23,-13,-10
24,-15,-10
24,-15,-9
23,-15,-9
22,-16,-6
21,-16,-6
18,-16,-3
14,-15,1
13,-16,3
11,-16,4
13,-17,3
13,-17,4
13,-17,4
11,-18,6
10,-16,5
10,-16,6
13,-15,2
11,-14,3
12,-14,1
14,-13,-2
17,-13,-5
15,-13,-2
15,-13,-2
15,-14,-1
15,-14,-2
14,-12,-2
14,-13,-2
16,-14,-3
15,-13,-3
15,-13,-2
15,-13,-3
15,-12,-3
16,-11,-5
14,-11,-4
15,-11,-5
16,-12,-5
17,-12,-6
17,-12,-6
16,-12,-5
16,-12,-4
17,-12,-6
18,-12,-7
19,-12,-7
19,-13,-6
19,-13,-7
19,-12,-7
20,-12,-8
20,-12,-8
20,-13,-7
21,-13,-8
20,-14,-7
20,-13,-7
21,-14,-7
20,-13,-8
21,-13,-8
21,-13,-9
22,-14,-8
23,-13,-10
23,-14,-10
27,-14,-13
27,-12,-16
30,-9,-21
32,-8,-25
33,-9,-25
34,-10,-25
34,-10,-25
34,-11,-23
31,-12,-20
33,-14,-20
32,-16,-17
31,-16,-15
31,-16,-15
29,-16,-14
29,-16,-13
28,-16,-12
28,-17,-11
26,-17,-9
25,-16,-9
24,-17,-8
23,-17,-7
23,-16,-8
22,-16,-7
23,-15,-8
22,-16,-6
23,-16,-8
22,-16,-7
24,-15,-9
24,-15,-10
24,-15,-10
24,-15,-9
25,-13,-12
26,-11,-16
28,-9,-19
28,-8,-21
29,-9,-21
28,-11,-17
28,-14,-14
26,-14,-12
28,-14,-15
28,-13,-15
29,-14,-15
28,-15,-14
26,-15,-11
26,-13,-14
26,-12,-15
26,-10,-16
26,-11,-16
24,-11,-13
24,-12,-13
24,-12,-12
23,-12,-11
23,-12,-12
23,-12,-11
24,-13,-12
25,-13,-13
25,-13,-13
26,-13,-14
26,-13,-14
25,-13,-12
26,-13,-13
27,-13,-14
27,-13,-14
27,-13,-15
28,-13,-15
27,-14,-14
26,-14,-13
26,-13,-13
25,-13,-12
25,-14,-12
25,-14,-12
25,-14,-12
25,-14,-12
24,-13,-12
24,-14,-11
23,-14,-10
24,-14,-11
24,-14,-11
23,-14,-10
24,-14,-10
23,-13,-10
23,-13,-10
22,-13,-9
22,-14,-8
21,-14,-8
23,-14,-10
22,-14,-8
21,-14,-7
20,-15,-6
21,-14,-7
20,-14,-6
21,-15,-7
20,-15,-6
22,-14,-8
22,-14,-9
22,-14,-9
23,-14,-9
22,-14,-8
22,-14,-8
23,-14,-9
23,-14,-9
22,-14,-9
21,-15,-7
21,-15,-6
21,-15,-7
20,-15,-6
21,-15,-6
22,-15,-8
22,-15,-7
21,-15,-7
20,-15,-6
21,-15,-6
20,-15,-6
20,-15,-6
20,-15,-5
20,-15,-5
19,-15,-5
19,-15,-4
19,-15,-4
18,-16,-3
17,-16,-2
17,-16,-2
17,-12,-6
18,-14,-5
18,-12,-7
17,-11,-6
19,-11,-8
18,-11,-7
17,-11,-7
18,-11,-7
17,-11,-7
17,-11,-6
19,-12,-7
19,-12,-7
19,-12,-7
18,-12,-7
18,-11,-8
18,-11,-8
17,-11,-7
18,-11,-7
18,-11,-7
19,-12,-8
20,-12,-8
19,-12,-8
19,-12,-8
19,-11,-8
19,-11,-8
19,-12,-8
19,-11,-9
20,-12,-9
19,-12,-8
20,-12,-8
20,-12,-9
20,-13,-8
20,-12,-9
21,-12,-9
22,-12,-10
23,-13,-10
24,-12,-13
26,-13,-13
27,-13,-15
26,-12,-14
28,-13,-16
28,-12,-17
28,-12,-16
28,-11,-17
29,-12,-17
27,-11,-17
28,-11,-17
27,-10,-17
25,-10,-16
22,-10,-13
20,-11,-10
20,-11,-9
19,-11,-8
18,-12,-7
17,-12,-5
15,-11,-4
14,-11,-3
12,-12,-1
13,-13,0
11,-13,1
11,-13,1
11,-13,1
11,-12,0
12,-12,-1
13,-12,-1
12,-10,-3
13,-10,-3
14,-11,-4
14,-11,-4
15,-10,-5
17,-11,-7
17,-11,-7
16,-11,-6
16,-9,-8
17,-8,-9
17,-7,-11
17,-6,-12
18,-5,-13
19,-6,-14
19,-5,-15
20,-4,-17
21,-5,-17
22,-4,-19
24,-6,-19
24,-4,-20
26,-6,-20
26,-5,-21
26,-5,-22
28,-7,-22
29,-7,-23
30,-7,-24
30,-7,-24
31,-7,-24
32,-8,-25
33,-9,-25
33,-9,-25
33,-9,-25
33,-9,-25
33,-9,-24
32,-9,-24
32,-8,-24
33,-9,-24
34,-10,-25
33,-10,-23
33,-10,-24
33,-10,-24
33,-10,-24
33,-10,-24
34,-9,-25
34,-10,-24
33,-9,-25
33,-9,-25
34,-9,-25
35,-10,-25
36,-11,-26
36,-11,-25
35,-11,-24
35,-11,-24
35,-11,-24
35,-12,-23
35,-13,-23
35,-13,-22
36,-13,-24
34,-13,-21
34,-14,-21
33,-13,-20
32,-13,-19
31,-13,-18
31,-13,-18
28,-14,-15
25,-14,-12
21,-14,-8
18,-13,-5
16,-13,-3
14,-13,-1
13,-13,-1
11,-13,1
11,-13,1
11,-12,1
12,-12,0
12,-13,0
13,-12,-2
13,-12,-1
15,-13,-3
14,-12,-3
14,-12,-3
17,-13,-4
18,-13,-6
20,-12,-8
21,-12,-9
22,-12,-11
24,-12,-13
26,-13,-13
26,-14,-13
27,-13,-14
28,-15,-14
28,-14,-15
28,-14,-14
28,-13,-16
27,-14,-14
28,-14,-14
27,-14,-14
28,-13,-15
28,-13,-15
28,-13,-16
29,-13,-16
29,-13,-17
28,-12,-16
29,-13,-16
30,-13,-17
31,-13,-18
31,-13,-19
32,-13,-20
33,-13,-20
33,-13,-21
34,-13,-22
34,-13,-22
35,-13,-22
35,-13,-22
35,-14,-22
34,-13,-22
35,-13,-23
35,-13,-22
35,-14,-22
35,-13,-23
35,-13,-22
35,-13,-22
33,-13,-21
33,-15,-19
33,-15,-19
31,-14,-18
31,-14,-18
32,-14,-18
32,-15,-17
32,-15,-17
32,-16,-17
31,-15,-17
32,-15,-18
32,-15,-18
32,-15,-18
32,-15,-17
32,-15,-17
32,-15,-17
32,-15,-18
32,-15,-17
32,-14,-18
31,-14,-18
31,-14,-18
30,-13,-17
30,-14,-16
29,-13,-16
27,-12,-15
27,-12,-15
25,-12,-14
26,-13,-14
25,-13,-13
24,-12,-12
24,-12,-12
24,-12,-13
24,-12,-13
25,-11,-15
25,-10,-16
27,-11,-17
28,-11,-18
29,-11,-18
29,-11,-18
30,-12,-19
32,-12,-20
32,-12,-21
33,-12,-22
32,-12,-21
33,-12,-22
33,-11,-22
34,-12,-22
33,-11,-22
34,-12,-23
33,-11,-22
34,-11,-23
34,-12,-23
34,-12,-22
34,-12,-22
34,-13,-21
34,-13,-22
33,-12,-21
31,-12,-20
31,-12,-20
32,-12,-20
31,-12,-20
32,-11,-21
32,-12,-21
32,-11,-21
32,-11,-22
32,-11,-22
33,-12,-22
34,-12,-22
33,-11,-22
33,-10,-24
33,-11,-23
34,-11,-24
36,-12,-24
34,-11,-24
35,-12,-24
34,-12,-23
35,-11,-25
34,-10,-24
34,-11,-24
34,-11,-24
34,-12,-23
34,-12,-22
34,-11,-24
34,-12,-23
34,-11,-23
33,-11,-23
34,-11,-23
34,-11,-23
34,-12,-22
34,-13,-21
35,-13,-22
35,-13,-22
35,-13,-23
34,-12,-22
34,-13,-22
33,-13,-21
34,-13,-22
34,-13,-21
33,-12,-22
34,-13,-21
34,-13,-21
34,-13,-21
33,-13,-21
34,-13,-21
34,-14,-21
33,-13,-21
34,-13,-21
33,-13,-21
33,-13,-21
33,-12,-21
33,-12,-21
32,-12,-21
33,-12,-21
33,-13,-21
32,-12,-21
33,-12,-22
34,-12,-22
34,-12,-23
34,-12,-22
33,-12,-22
33,-13,-21
33,-12,-21
33,-12,-21
31,-12,-20
31,-11,-20
32,-12,-20
32,-12,-20
32,-13,-19
33,-14,-19
31,-14,-18
32,-14,-18
30,-14,-17
29,-13,-17
28,-11,-17
28,-12,-16
25,-11,-15
25,-10,-15
24,-10,-14
23,-10,-13
23,-10,-13
22,-10,-13
23,-11,-12
22,-10,-13
22,-10,-12
22,-9,-13
24,-11,-13
24,-12,-12
24,-11,-14
24,-12,-13
24,-11,-14
25,-12,-13
24,-10,-15
24,-10,-15
24,-10,-14
25,-9,-16
24,-9,-16
26,-9,-17
26,-9,-18
27,-9,-18
27,-9,-19
28,-9,-19
29,-10,-20
28,-9,-19
28,-9,-19
28,-9,-19
28,-9,-20
28,-10,-19
28,-10,-19
28,-10,-18
28,-10,-19
27,-10,-17
27,-10,-18
28,-11,-17
30,-13,-17
27,-11,-16
27,-10,-17
26,-10,-17
27,-9,-18
28,-10,-18
28,-11,-18
28,-10,-19
28,-10,-19
29,-11,-19
29,-11,-19
29,-11,-19
29,-11,-19
29,-11,-18
29,-11,-19
30,-11,-19
30,-11,-20
31,-12,-20
31,-11,-20
30,-11,-20
30,-11,-20
29,-10,-20
30,-11,-20
29,-10,-20
28,-10,-19
29,-10,-19
28,-10,-19
28,-11,-18
28,-11,-18
29,-12,-17
28,-11,-18
28,-11,-18
30,-12,-18
31,-12,-19
31,-13,-18
30,-13,-18
30,-12,-19
32,-14,-18
31,-13,-18
31,-14,-17
31,-14,-17
31,-14,-17
32,-15,-17
32,-15,-17
31,-16,-16
31,-16,-16
32,-16,-16
30,-16,-15
31,-17,-15
30,-16,-14
28,-16,-13
28,-16,-12
28,-16,-13
27,-16,-11
26,-16,-11
27,-16,-11
24,-16,-9
25,-16,-9
26,-16,-10
26,-16,-10
26,-16,-11
26,-16,-11
26,-16,-10
28,-16,-12
27,-16,-12
29,-15,-14
30,-15,-16
32,-16,-17
32,-15,-18
33,-15,-19
33,-15,-18
32,-15,-18
33,-16,-18
33,-15,-19
33,-15,-18
33,-14,-19
33,-16,-18
34,-15,-19
34,-16,-19
34,-15,-19
34,-15,-19
33,-15,-19
33,-15,-19
34,-15,-19
33,-14,-19
33,-15,-19
33,-15,-19
32,-15,-18
34,-16,-18
33,-14,-19
31,-14,-17
32,-15,-17
32,-15,-17
31,-14,-17
31,-15,-17
31,-14,-17
31,-15,-17
30,-15,-16
29,-15,-14
25,-16,-10
24,-16,-8
24,-16,-8
24,-15,-9
23,-15,-9
22,-14,-9
23,-14,-9
22,-14,-8
24,-15,-9
23,-15,-9
24,-15,-9
24,-15,-9
24,-15,-9
23,-16,-8
23,-14,-9
22,-14,-9
21,-14,-8
19,-13,-7
20,-14,-6
21,-14,-7
21,-15,-7
20,-15,-5
20,-14,-6
21,-12,-9
21,-10,-12
22,-9,-14
21,-8,-13
22,-9,-14
23,-10,-13
24,-12,-13
24,-12,-12
25,-12,-13
24,-12,-13
24,-11,-13
23,-11,-12
23,-11,-12
23,-11,-12
23,-12,-12
22,-11,-12
24,-13,-12
23,-13,-11
23,-13,-11
22,-13,-10
22,-13,-10
23,-14,-9
23,-15,-8
22,-16,-6
21,-15,-7
23,-15,-8
23,-14,-9
22,-13,-9
23,-13,-10
24,-14,-10
24,-14,-10
24,-15,-10
23,-14,-10
22,-13,-10
23,-14,-10
23,-14,-9
22,-14,-9
22,-13,-10
22,-13,-9
21,-12,-9
21,-12,-9
21,-11,-10
20,-11,-10
21,-11,-11
21,-11,-10
21,-11,-11
22,-11,-12
23,-12,-11
23,-11,-12
23,-10,-13
23,-10,-14
23,-10,-13
24,-10,-15
24,-11,-14
24,-10,-15
25,-11,-14
24,-11,-14
24,-12,-12
25,-13,-12
26,-14,-12
26,-14,-13
26,-13,-13
26,-14,-13
26,-14,-13
26,-14,-13
26,-14,-12
26,-14,-13
26,-13,-13
27,-14,-13
26,-13,-13
28,-14,-14
26,-14,-12
27,-14,-13
26,-14,-13
26,-14,-12
26,-14,-12
26,-15,-11
26,-14,-12
25,-15,-11
24,-15,-10
25,-16,-10
26,-15,-11
26,-15,-11
26,-15,-12
26,-16,-10
24,-15,-10
26,-15,-11
25,-13,-13
24,-12,-13
23,-12,-12
24,-12,-12
23,-13,-10
23,-14,-10
23,-13,-10
23,-13,-10
22,-13,-10
22,-14,-9
23,-14,-10
22,-13,-10
22,-14,-9
23,-14,-10
24,-14,-10
23,-13,-10
23,-13,-10
21,-13,-9
23,-13,-11
24,-12,-12
24,-11,-13
24,-12,-12
24,-12,-12
23,-12,-12
24,-12,-13
24,-12,-12
24,-12,-13
24,-12,-12
24,-12,-12
26,-13,-13
24,-12,-12
25,-13,-12
25,-13,-13
26,-13,-14
27,-14,-13
26,-13,-13
26,-13,-14
26,-14,-13
27,-14,-14
27,-14,-14
27,-13,-15
28,-14,-15
28,-13,-15
28,-14,-15
30,-14,-17
31,-14,-18
33,-14,-19
33,-14,-20
35,-14,-21
35,-13,-22
34,-13,-22
35,-13,-22
35,-12,-23
36,-13,-23
36,-13,-23
35,-13,-23
35,-12,-24
36,-14,-23
37,-13,-24
36,-14,-22
37,-14,-23
38,-15,-23
37,-14,-24
38,-14,-24
38,-14,-24
37,-14,-24
37,-13,-24
36,-13,-23
37,-13,-24
37,-13,-24
37,-14,-23
37,-15,-22
36,-15,-21
34,-14,-20
34,-15,-20
32,-14,-19
33,-14,-20
32,-14,-19
33,-14,-20
34,-14,-20
33,-14,-19
32,-13,-19
32,-14,-19
33,-14,-20
32,-14,-18
32,-13,-19
33,-14,-19
33,-14,-19
32,-14,-19
30,-14,-17
30,-14,-17
30,-14,-16
29,-14,-15
28,-14,-15
28,-14,-15
29,-14,-15
29,-14,-16
28,-14,-15
29,-14,-15
28,-13,-15
29,-14,-15
27,-14,-14
29,-14,-15
30,-14,-16
31,-14,-18
31,-14,-18
33,-14,-20
33,-14,-19
34,-15,-19
34,-15,-20
33,-14,-19
32,-14,-18
31,-13,-19
32,-14,-19
33,-13,-20
31,-13,-19
33,-13,-20
33,-13,-20
33,-12,-21
35,-13,-22
34,-12,-22
35,-14,-22
35,-14,-22
35,-12,-23
37,-13,-24
36,-12,-24
37,-13,-24
36,-13,-24
37,-13,-24
37,-14,-23
37,-13,-24
36,-13,-24
36,-13,-23
36,-14,-23
36,-13,-23
36,-14,-22
35,-13,-23
35,-14,-21
35,-15,-21
34,-14,-20
34,-15,-20
33,-15,-19
33,-15,-19
33,-15,-19
31,-14,-17
32,-14,-18
32,-14,-18
31,-14,-17
31,-14,-18
31,-14,-17
31,-13,-19
32,-13,-19
33,-14,-20
33,-13,-20
34,-14,-21
34,-14,-21
34,-13,-21
35,-14,-22
35,-14,-21
35,-14,-21
33,-13,-20
34,-14,-20
34,-14,-21
34,-13,-21
34,-13,-21
33,-13,-20
32,-13,-20
32,-13,-20
32,-12,-20
32,-11,-21
33,-12,-21
32,-11,-21
33,-11,-22
32,-10,-23
33,-11,-23
34,-10,-24
34,-10,-24
35,-11,-24
35,-12,-24
35,-11,-24
35,-11,-25
36,-12,-24
35,-12,-24
35,-12,-24
36,-13,-24
36,-13,-23
35,-12,-23
33,-12,-21
33,-12,-22
34,-12,-22
33,-12,-21
33,-13,-20
33,-13,-21
33,-13,-20
32,-15,-18
29,-13,-17
30,-13,-17
30,-14,-16
30,-13,-17
31,-14,-18
30,-13,-17
29,-14,-15
30,-13,-17
30,-13,-17
30,-13,-17
30,-13,-17
30,-14,-17
31,-14,-17
30,-13,-18
29,-12,-17
28,-12,-16
28,-12,-17
29,-13,-16
29,-13,-16
29,-13,-17
30,-12,-18
31,-12,-19
32,-13,-19
32,-13,-19
32,-13,-19
32,-12,-20
30,-12,-18
31,-10,-21
32,-12,-21
33,-12,-21
34,-12,-22
33,-13,-21
33,-12,-21
33,-13,-20
34,-13,-21
34,-12,-22
32,-13,-20
32,-12,-20
31,-11,-20
29,-12,-18
31,-13,-18
29,-13,-16
29,-13,-16
29,-14,-15
29,-13,-16
28,-13,-15
28,-13,-16
29,-13,-17
29,-12,-17
28,-13,-16
28,-13,-15
28,-13,-15
27,-12,-15
28,-13,-15
28,-12,-16
29,-13,-16
30,-13,-18
30,-13,-17
32,-15,-18
31,-14,-18
32,-14,-18
30,-13,-17
31,-14,-17
30,-14,-16
30,-14,-17
30,-14,-16
30,-14,-16
30,-14,-16
30,-14,-16
30,-14,-17
30,-14,-17
30,-14,-17
30,-14,-17
30,-14,-17
30,-14,-17
31,-14,-17
31,-14,-18
32,-14,-18
33,-15,-18
33,-15,-18
33,-15,-19
32,-15,-17
32,-15,-18
32,-14,-19
32,-14,-19
31,-14,-18
31,-14,-18
31,-15,-17
32,-14,-18
32,-14,-18
30,-13,-17
31,-15,-17
30,-14,-16
29,-14,-16
29,-13,-17
30,-14,-17
29,-14,-16
29,-14,-15
30,-15,-15
28,-14,-14
29,-14,-15
29,-15,-15
29,-14,-15
29,-15,-15
30,-15,-15
29,-15,-15
30,-15,-16
29,-15,-15
29,-15,-15
29,-15,-15
29,-15,-15
29,-15,-14
29,-14,-15
29,-15,-15
30,-15,-15
30,-14,-16
30,-14,-16
30,-14,-17
31,-14,-17
30,-15,-16
31,-14,-17
31,-15,-16
31,-15,-17
31,-14,-17
30,-14,-17
32,-15,-17
30,-14,-17
32,-15,-17
31,-15,-17
31,-14,-17
32,-14,-18
32,-14,-18
32,-15,-18
32,-15,-17
31,-14,-17
30,-14,-16
29,-14,-15
29,-14,-15
30,-15,-15
29,-15,-14
28,-15,-14
29,-15,-14
31,-16,-15
30,-16,-14
30,-17,-13
29,-16,-14
28,-15,-14
28,-15,-13
27,-15,-13
28,-16,-13
28,-15,-14
28,-15,-13
29,-13,-16
28,-14,-14
28,-14,-14
28,-14,-14
28,-15,-13
28,-14,-15
28,-15,-13
28,-14,-14
27,-14,-13
26,-14,-13
27,-14,-13
26,-14,-13
27,-14,-14
27,-14,-13
27,-13,-14
26,-13,-14
27,-14,-14
26,-13,-13
26,-14,-13
26,-14,-12
26,-14,-13
27,-14,-13
26,-14,-12
26,-14,-13
27,-14,-14
28,-14,-14
28,-14,-14
29,-15,-15
29,-14,-15
29,-14,-15
28,-14,-15
28,-14,-15
29,-14,-15
28,-13,-15
29,-14,-16
29,-13,-16
30,-14,-17
29,-13,-16
29,-14,-16
30,-14,-17
30,-15,-15
30,-15,-16
30,-14,-16
29,-14,-15
30,-14,-16
30,-15,-16
30,-14,-16
29,-14,-16
29,-14,-16
29,-14,-15
29,-14,-16
28,-13,-16
29,-14,-16
30,-14,-16
30,-15,-16
31,-15,-16
30,-14,-17
30,-14,-17
31,-14,-17
31,-14,-17
31,-14,-18
32,-14,-19
32,-14,-19
32,-14,-19
31,-13,-19
30,-13,-17
30,-13,-17
30,-14,-16
31,-13,-18
29,-12,-17
30,-13,-17
30,-13,-18
30,-12,-18
30,-12,-19
30,-12,-18
31,-12,-20
32,-13,-20
31,-12,-20
32,-12,-20
31,-12,-20
32,-12,-20
32,-13,-20
32,-13,-19
31,-12,-19
31,-13,-19
29,-13,-17
29,-13,-17
29,-13,-16
30,-13,-18
30,-13,-17
32,-13,-19
32,-13,-19
32,-14,-19
33,-13,-20
32,-13,-19
32,-14,-19
31,-13,-19
32,-13,-19
31,-13,-18
30,-13,-17
30,-13,-17
30,-14,-17
31,-14,-17
32,-14,-18
32,-14,-19
32,-14,-19
32,-13,-19
31,-13,-18
31,-13,-18
30,-12,-18
30,-13,-18
29,-12,-18
30,-13,-18
30,-13,-17
30,-13,-18
30,-13,-17
31,-14,-18
31,-14,-17
31,-14,-18
30,-14,-17
30,-13,-18
29,-13,-16
30,-13,-17
30,-14,-16
29,-13,-16
30,-13,-17
29,-14,-16
29,-14,-16
29,-14,-15
28,-13,-15
27,-12,-16
28,-13,-15
27,-12,-15
27,-14,-14
27,-14,-14
26,-13,-13
26,-14,-13
26,-14,-13
26,-14,-12
27,-14,-13
28,-15,-13
27,-14,-14
29,-14,-15
29,-15,-14
30,-15,-15
29,-16,-14
29,-15,-15
29,-14,-15
29,-15,-15
28,-15,-14
28,-15,-14
29,-15,-14
28,-15,-13
29,-15,-14
28,-14,-14
28,-15,-14
27,-14,-14
27,-14,-14
26,-14,-13
27,-15,-13
28,-14,-14
28,-14,-14
27,-14,-14
28,-14,-15
27,-14,-14
28,-14,-14
27,-14,-14
27,-13,-14
26,-13,-13
26,-13,-13
25,-13,-12
25,-12,-13
25,-13,-13
26,-13,-14
26,-13,-13
26,-14,-13
27,-13,-14
27,-13,-14
26,-13,-13
26,-13,-13
25,-13,-12
24,-13,-12
23,-12,-11
22,-13,-10
23,-13,-10
23,-13,-10
23,-13,-10
23,-13,-10
23,-13,-11
24,-14,-11
24,-13,-12
24,-14,-11
25,-14,-12
25,-14,-11
26,-14,-13
26,-15,-11
25,-13,-12
26,-16,-11
25,-14,-12
27,-16,-12
27,-14,-13
27,-15,-13
27,-14,-13
27,-15,-12
26,-14,-12
27,-15,-12
26,-15,-12
26,-15,-11
27,-14,-13
29,-16,-13
29,-15,-14
29,-15,-14
29,-15,-14
30,-15,-15
30,-14,-17
29,-14,-16
29,-13,-17
30,-14,-17
30,-13,-17
30,-13,-17
30,-14,-17
31,-14,-17
31,-15,-17
31,-15,-16
32,-16,-17
32,-16,-17
29,-15,-15
27,-14,-14
28,-14,-15
31,-18,-14
30,-17,-13
30,-17,-14
30,-18,-12
29,-18,-12
27,-17,-10
27,-18,-9
24,-15,-9
23,-16,-8
26,-18,-9
27,-18,-10
28,-18,-11
28,-17,-12
28,-17,-11
27,-16,-12
28,-16,-13
28,-16,-13
28,-15,-13
28,-15,-14
28,-14,-14
27,-14,-13
27,-14,-14
27,-14,-14
26,-14,-13
26,-14,-12
25,-14,-12
25,-14,-12
25,-14,-12
25,-14,-12
25,-13,-12
24,-14,-11
25,-14,-12
25,-13,-12
24,-13,-11
24,-14,-11
25,-14,-11
26,-15,-12
26,-14,-12
26,-14,-13
26,-15,-12
26,-14,-12
27,-14,-14
27,-15,-12
26,-14,-13
26,-15,-12
28,-14,-14
26,-14,-13
26,-14,-12
26,-13,-13
25,-13,-12
25,-14,-12
26,-14,-12
25,-15,-11
25,-14,-12
27,-16,-12
26,-15,-12
27,-16,-12
27,-15,-12
26,-15,-12
27,-15,-12
27,-15,-13
28,-15,-13
29,-15,-14
30,-15,-16
32,-16,-17
33,-17,-17
34,-17,-18
34,-18,-17
32,-17,-16
32,-17,-16
33,-17,-16
33,-17,-16
32,-17,-15
30,-16,-15
31,-16,-15
31,-16,-16
31,-16,-15
30,-16,-15
30,-17,-13
30,-17,-13
30,-17,-13
28,-16,-13
29,-16,-13
29,-16,-14
29,-16,-14
29,-16,-13
28,-16,-13
27,-15,-13
28,-16,-13
28,-16,-13
28,-15,-13
29,-16,-13
27,-16,-12
27,-16,-11
26,-16,-11
28,-16,-12
26,-15,-11
27,-16,-12
27,-16,-12
26,-15,-11
26,-15,-12
26,-16,-11
27,-16,-12
26,-15,-11
27,-15,-12
27,-15,-12
27,-16,-12
27,-15,-13
28,-15,-13
28,-15,-13
27,-15,-13
27,-14,-13
27,-15,-13
27,-15,-13
26,-14,-12
26,-14,-12
26,-14,-12
26,-14,-12
26,-15,-11
25,-16,-10
26,-15,-12
25,-15,-11
25,-15,-11
25,-15,-11
25,-15,-11
24,-14,-10
25,-14,-11
25,-15,-11
25,-14,-11
25,-15,-11
25,-14,-11
24,-14,-10
24,-14,-10
24,-14,-11
24,-14,-11
24,-14,-11
24,-14,-11
25,-14,-12
26,-14,-12
26,-14,-13
27,-14,-13
26,-15,-12
27,-15,-12
26,-15,-12
26,-15,-12
26,-14,-12
27,-14,-14
26,-11,-15
25,-7,-19
26,-7,-19
24,-7,-18
25,-8,-17
26,-11,-15
26,-12,-14
26,-13,-13
26,-13,-14
26,-13,-14
26,-14,-13
26,-14,-13
26,-13,-13
26,-14,-13
26,-14,-13
26,-13,-13
26,-13,-13
25,-13,-12
26,-13,-13
25,-13,-13
26,-13,-13
25,-13,-13
25,-13,-13
24,-12,-12
25,-13,-13
25,-13,-12
25,-14,-12
25,-14,-12
25,-14,-12
25,-15,-10
25,-13,-13
25,-14,-12
26,-13,-13
25,-14,-12
27,-14,-14
25,-14,-12
25,-13,-12
25,-13,-12
24,-13,-12
24,-11,-14
24,-10,-15
25,-10,-16
27,-11,-17
26,-12,-14
26,-13,-14
26,-13,-13
26,-13,-13
26,-14,-13
26,-13,-13
27,-13,-14
26,-13,-13
26,-13,-14
27,-13,-14
27,-14,-14
26,-13,-14
25,-14,-12
25,-13,-12
25,-14,-12
24,-13,-12
23,-12,-11
23,-13,-11
23,-13,-11
24,-12,-12
23,-13,-11
23,-12,-12
24,-13,-12
24,-13,-12
25,-13,-13
25,-13,-13
24,-13,-11
25,-12,-13
26,-13,-13
26,-14,-13
26,-15,-12
27,-15,-13
28,-16,-13
28,-15,-13
28,-15,-13
28,-16,-13
29,-15,-14
28,-15,-14
28,-15,-14
28,-15,-13
28,-16,-13
28,-15,-14
30,-16,-14
28,-16,-13
29,-16,-14
29,-16,-14
29,-16,-13
30,-16,-14
29,-16,-14
28,-16,-13
28,-16,-12
28,-15,-13
28,-14,-14
28,-14,-15
27,-14,-13
28,-14,-14
26,-14,-12
27,-14,-14
27,-14,-13
28,-14,-14
28,-14,-14
29,-15,-14
28,-15,-13
28,-14,-14
29,-15,-14
29,-16,-13
29,-15,-14
29,-16,-14
29,-16,-13
29,-15,-15
28,-15,-14
29,-15,-14
28,-15,-13
27,-15,-13
26,-15,-12
27,-16,-12
27,-15,-12
27,-15,-12
26,-14,-12
26,-14,-12
27,-15,-12
27,-14,-13
26,-14,-12
25,-14,-12
26,-14,-13
25,-14,-12
25,-15,-11
25,-14,-12
24,-13,-11
25,-13,-12
23,-12,-12
25,-13,-13
24,-12,-12
25,-12,-13
25,-12,-13
25,-12,-14
24,-12,-13
25,-12,-13
26,-13,-14
26,-13,-13
27,-14,-14
27,-14,-14
28,-13,-15
28,-14,-15
29,-14,-15
27,-14,-14
28,-14,-15
27,-14,-14
27,-14,-13
29,-13,-16
27,-12,-16
28,-10,-18
28,-10,-18
28,-10,-18
27,-11,-17
27,-14,-14
27,-16,-12
24,-15,-10
26,-15,-12
24,-13,-12
24,-13,-12
25,-13,-12
25,-14,-12
25,-14,-11
26,-13,-13
25,-13,-12
25,-14,-12
25,-13,-12
26,-14,-13
26,-13,-13
25,-13,-12
25,-13,-13
25,-13,-13
25,-14,-12
25,-13,-13
26,-14,-13
24,-12,-13
24,-13,-12
24,-12,-13
23,-11,-13
23,-9,-15
23,-6,-18
22,-4,-19
22,-2,-21
23,-4,-19
21,-5,-17
23,-8,-16
24,-10,-14
23,-12,-11
21,-14,-8
21,-15,-7
21,-14,-7
22,-14,-8
21,-13,-9
20,-13,-8
21,-13,-9
22,-13,-9
22,-15,-7
21,-16,-5
20,-15,-5
21,-15,-7
19,-14,-6
20,-12,-8
19,-11,-9
19,-10,-9
19,-10,-9
19,-9,-10
19,-8,-11
17,-6,-12
16,-5,-12
17,-5,-13
17,-6,-12
18,-7,-11
18,-10,-8
17,-13,-4
14,-16,2
14,-19,4
14,-19,5
14,-17,3
16,-16,0
15,-15,0
15,-15,0
15,-15,0
14,-16,1
14,-18,4
16,-19,3
15,-17,1
16,-16,0
16,-16,0
16,-15,-1
16,-15,-2
15,-15,0
15,-15,0
15,-15,-1
16,-15,-1
16,-15,-2
17,-16,-2
18,-15,-3
17,-16,-2
18,-16,-2
18,-16,-3
18,-16,-2
19,-16,-3
19,-16,-3
19,-16,-3
19,-16,-4
19,-16,-3
20,-16,-4
20,-16,-5
20,-16,-4
21,-16,-5
19,-15,-5
19,-14,-5
17,-14,-3
18,-15,-4
18,-14,-4
19,-14,-5
19,-13,-6
19,-14,-6
20,-14,-7
20,-13,-7
19,-13,-7
20,-12,-8
20,-12,-8
21,-13,-9
19,-12,-8
20,-12,-8
18,-12,-7
20,-13,-7
19,-12,-7
20,-13,-8
20,-12,-9
20,-12,-9
20,-12,-8
19,-11,-8
19,-12,-8
19,-11,-8
19,-11,-8
19,-12,-7
19,-13,-7
18,-14,-5
18,-14,-4
17,-14,-3
17,-15,-2
16,-15,-2
17,-14,-3
17,-13,-5
17,-13,-5
18,-12,-7
17,-11,-7
17,-10,-7
17,-10,-8
17,-11,-7
17,-11,-6
18,-13,-6
18,-13,-6
17,-13,-5
16,-13,-4
17,-12,-5
16,-12,-4
17,-12,-6
18,-12,-7
18,-13,-6
18,-12,-6
19,-13,-7
18,-12,-7
20,-11,-10
21,-11,-11
20,-11,-10
21,-12,-10
20,-12,-8
21,-14,-8
20,-13,-7
19,-13,-7
20,-13,-7
19,-14,-6
17,-14,-3
17,-14,-4
16,-15,-2
16,-14,-2
17,-15,-3
18,-14,-4
17,-12,-5
17,-11,-6
16,-11,-6
17,-11,-6
17,-13,-5
17,-14,-4
17,-14,-3
16,-14,-2
15,-14,-1
15,-15,-1
15,-15,-1
13,-13,0
13,-14,0
14,-14,0
13,-15,1
13,-14,1
13,-15,1
13,-14,1
12,-14,1
13,-13,0
12,-12,0
12,-13,0
12,-13,0
12,-13,0
12,-12,-1
12,-12,0
13,-12,-1
13,-13,-1
14,-13,-1
14,-13,-2
15,-12,-3
15,-13,-3
15,-13,-3
17,-13,-4
18,-13,-5
19,-13,-7
20,-13,-7
20,-12,-8
20,-11,-9
21,-11,-11
21,-11,-10
22,-11,-11
22,-11,-12
21,-11,-11
22,-11,-11
21,-11,-11
21,-12,-10
21,-12,-10
22,-13,-10
21,-13,-9
20,-12,-9
21,-12,-9
19,-12,-8
22,-13,-9
21,-13,-8
21,-13,-9
20,-13,-7
21,-13,-9
21,-13,-8
19,-13,-6
18,-14,-5
18,-14,-5
17,-15,-3
17,-14,-3
18,-14,-4
17,-13,-4
18,-14,-5
19,-14,-5
18,-14,-5
18,-14,-5
19,-14,-5
19,-15,-5
20,-14,-6
20,-15,-6
19,-14,-6
21,-15,-7
20,-15,-6
21,-15,-7
21,-15,-7
22,-15,-8
22,-15,-7
21,-14,-8
22,-14,-8
22,-14,-8
23,-14,-9
22,-15,-8
22,-15,-7
22,-15,-8
22,-15,-7
22,-14,-8
23,-14,-9
22,-14,-9
23,-14,-9
23,-16,-8
21,-15,-6
23,-15,-9
22,-11,-11
23,-11,-13
22,-11,-11
22,-12,-10
22,-13,-10
23,-13,-10
23,-13,-10
23,-14,-10
24,-15,-10
22,-15,-8
24,-15,-10
23,-14,-9
23,-14,-9
22,-14,-9
22,-14,-8
22,-14,-9
22,-14,-8
22,-15,-8
21,-14,-8
23,-15,-9
21,-15,-7
21,-15,-7
21,-15,-6
22,-14,-8
22,-14,-9
22,-13,-10
23,-14,-9
23,-15,-9
22,-15,-8
23,-14,-10
23,-14,-9
22,-15,-8
22,-15,-8
23,-14,-9
22,-14,-8
23,-14,-9
23,-12,-11
22,-11,-12
23,-11,-12
22,-13,-10
23,-14,-9
20,-14,-6
23,-15,-9
22,-14,-9
22,-13,-10
23,-14,-9
21,-13,-8
23,-14,-10
22,-14,-9
21,-13,-8
21,-14,-7
19,-15,-4
20,-16,-4
20,-16,-5
22,-16,-6
21,-17,-5
20,-17,-4
20,-18,-2
20,-17,-4
20,-17,-4
21,-17,-5
19,-16,-4
19,-15,-4
20,-14,-7
20,-14,-7
19,-13,-6
19,-14,-6
18,-14,-5
19,-14,-6
20,-14,-6
20,-14,-7
21,-14,-7
21,-14,-8
21,-13,-8
22,-13,-9
21,-13,-8
21,-13,-8
21,-14,-8
20,-14,-7
19,-13,-7
22,-13,-9
21,-13,-9
20,-13,-7
20,-13,-8
20,-14,-7
18,-15,-4
16,-14,-3
16,-15,-2
17,-14,-3
17,-13,-5
17,-12,-6
18,-12,-7
17,-12,-6
18,-11,-7
18,-9,-9
20,-7,-13
20,-7,-14
19,-9,-10
20,-12,-8
19,-14,-6
18,-13,-5
17,-13,-4
15,-13,-3
14,-14,0
11,-16,4
10,-16,5
10,-15,4
9,-15,5
9,-16,6
11,-17,6
12,-17,5
14,-17,3
14,-17,3
14,-17,3
15,-17,2
13,-16,2
14,-16,2
13,-16,2
13,-15,1
14,-14,-1
14,-14,-1
16,-14,-2
17,-14,-3
17,-13,-5
17,-13,-4
16,-12,-4
17,-12,-5
17,-11,-6
18,-12,-7
18,-11,-7
18,-11,-8
18,-12,-7
19,-12,-8
19,-12,-7
18,-12,-6
20,-13,-8
20,-12,-8
20,-12,-9
19,-12,-8
19,-12,-7
20,-12,-8
20,-12,-8
19,-12,-8
20,-12,-8
19,-12,-8
20,-13,-8
21,-13,-8
21,-13,-9
21,-13,-9
20,-12,-8
22,-13,-9
22,-13,-9
22,-11,-11
22,-9,-14
22,-8,-15
23,-7,-16
22,-8,-14
22,-11,-11
22,-14,-9
20,-15,-6
22,-15,-8
22,-13,-9
23,-13,-10
23,-13,-10
24,-14,-11
24,-14,-11
23,-14,-9
21,-14,-7
19,-13,-6
16,-10,-6
16,-10,-6
16,-11,-6
17,-12,-5
18,-12,-6
20,-12,-8
21,-12,-9
23,-12,-11
25,-12,-14
26,-13,-14
26,-14,-13
25,-14,-12
24,-13,-11
23,-13,-11
23,-11,-12
24,-12,-12
23,-13,-11
23,-13,-11
23,-12,-11
23,-14,-10
24,-14,-10
24,-13,-11
23,-13,-11
24,-13,-11
24,-13,-11
23,-13,-10
23,-13,-10
23,-13,-10
23,-13,-10
24,-14,-10
23,-14,-10
23,-14,-9
23,-14,-9
22,-14,-9
23,-16,-8
20,-16,-5
20,-16,-4
20,-17,-4
19,-16,-4
20,-16,-4
21,-15,-7
21,-15,-7
22,-15,-8
21,-14,-8
23,-15,-8
21,-14,-8
21,-14,-7
22,-14,-8
22,-15,-7
22,-15,-8
22,-15,-8
22,-14,-8
22,-14,-8
21,-14,-8
20,-14,-7
20,-14,-7
21,-14,-7
21,-13,-8
21,-14,-8
20,-13,-7
20,-14,-6
20,-13,-7
21,-14,-7
20,-14,-7
19,-15,-5
20,-15,-6
21,-15,-6
22,-12,-10
25,-11,-14
25,-11,-14
25,-13,-12
25,-15,-10
23,-15,-9
23,-15,-8
23,-15,-8
24,-15,-9
23,-16,-7
23,-16,-8
22,-16,-6
22,-17,-6
21,-17,-5
22,-17,-6
21,-16,-6
20,-15,-6
19,-14,-5
17,-14,-3
18,-15,-4
19,-15,-5
17,-13,-5
16,-14,-3
17,-13,-4
17,-14,-4
17,-14,-4
20,-16,-4
21,-17,-4
22,-17,-5
23,-18,-5
22,-18,-5
24,-18,-6
21,-18,-4
21,-17,-4
21,-16,-6
22,-15,-7
21,-15,-7
21,-15,-7
20,-15,-6
21,-14,-7
20,-14,-7
20,-14,-6
19,-14,-5
20,-14,-7
20,-13,-7
19,-14,-6
19,-13,-6
18,-13,-6
18,-14,-5
19,-14,-6
18,-14,-5
18,-14,-5
19,-15,-5
19,-14,-6
19,-14,-6
19,-13,-7
19,-14,-6
20,-14,-6
20,-13,-8
20,-11,-9
20,-12,-9
22,-13,-9
20,-13,-7
22,-14,-9
24,-14,-11
24,-13,-11
26,-14,-12
25,-14,-11
26,-15,-11
25,-15,-11
26,-14,-12
25,-14,-11
25,-14,-12
26,-16,-11
26,-15,-11
26,-15,-11
27,-14,-13
26,-15,-12
25,-15,-11
25,-14,-12
26,-15,-11
26,-15,-12
25,-14,-11
25,-15,-11
26,-15,-11
26,-16,-11
27,-16,-11
26,-15,-12
26,-15,-11
26,-15,-12
27,-17,-11
26,-16,-11
26,-16,-10
25,-16,-9
25,-15,-11
26,-15,-12
27,-12,-15
25,-8,-17
24,-7,-17
25,-9,-16
25,-11,-15
25,-13,-13
24,-14,-11
24,-16,-9
24,-15,-9
25,-17,-8
25,-17,-8
24,-17,-8
25,-16,-9
26,-17,-9
24,-17,-8
24,-17,-8
24,-15,-9
24,-16,-9
25,-17,-9
25,-16,-9
25,-17,-9
25,-16,-9
26,-17,-9
26,-16,-10
24,-16,-8
24,-15,-9
25,-17,-8
24,-17,-8
23,-16,-8
21,-14,-7
21,-14,-8
21,-13,-8
20,-12,-8
20,-12,-8
20,-12,-9
21,-13,-9
22,-12,-10
21,-13,-9
21,-13,-9
22,-14,-9
23,-14,-10
24,-15,-10
25,-16,-10
26,-16,-11
29,-17,-12
30,-17,-13
31,-17,-14
31,-17,-15
31,-17,-15
31,-18,-14
32,-17,-15
32,-18,-15
31,-18,-14
31,-18,-14
31,-18,-14
32,-18,-14
31,-18,-14
31,-18,-14
30,-17,-14
30,-17,-13
29,-17,-13
30,-17,-13
30,-17,-13
30,-17,-13
30,-17,-13
29,-17,-13
29,-17,-13
30,-17,-13
29,-16,-14
29,-17,-13
29,-16,-14
30,-17,-13
30,-17,-14
29,-17,-13
30,-17,-13
29,-16,-13
30,-17,-13
30,-17,-13
28,-16,-13
28,-16,-12
28,-17,-12
27,-16,-12
28,-16,-12
28,-16,-13
30,-17,-13
28,-16,-13
28,-16,-13
28,-15,-14
29,-16,-13
29,-16,-13
28,-16,-12
28,-17,-11
27,-17,-11
24,-13,-11
